1789121293	mine_kb=32	total_kb=33797116	nproc=773
1789121295	mine_kb=1568	total_kb=34877068	nproc=767
1789121297	mine_kb=1568	total_kb=34904444	nproc=767
1789121299	mine_kb=1568	total_kb=34900508	nproc=767
1789121302	mine_kb=1568	total_kb=34936892	nproc=767
1789121304	mine_kb=1568	total_kb=34915948	nproc=767
1789121306	mine_kb=1568	total_kb=35053484	nproc=770
1789121308	mine_kb=1568	total_kb=35085900	nproc=770
1789121310	mine_kb=1568	total_kb=35058316	nproc=770
1789121312	mine_kb=1568	total_kb=35050124	nproc=770
1789121314	mine_kb=1568	total_kb=35090876	nproc=770
1789121316	mine_kb=1568	total_kb=35198412	nproc=770
1789121318	mine_kb=1568	total_kb=35289660	nproc=770
1789121320	mine_kb=1568	total_kb=35307148	nproc=770
1789121322	mine_kb=1568	total_kb=35513820	nproc=769
1789121324	mine_kb=1568	total_kb=35499148	nproc=769
1789121326	mine_kb=1568	total_kb=35721676	nproc=777
1789121328	mine_kb=1568	total_kb=35747196	nproc=782
1789121330	mine_kb=1568	total_kb=35731596	nproc=774
1789121332	mine_kb=1568	total_kb=35875516	nproc=774
1789121334	mine_kb=1568	total_kb=35716668	nproc=771
1789121336	mine_kb=1568	total_kb=35716268	nproc=771
1789121338	mine_kb=1568	total_kb=35761788	nproc=772
1789121340	mine_kb=688	total_kb=35590924	nproc=772
1789121343	mine_kb=688	total_kb=35249244	nproc=772
1789121345	mine_kb=688	total_kb=34199532	nproc=769
1789121347	mine_kb=688	total_kb=33995588	nproc=770
1789121349	mine_kb=688	total_kb=34096900	nproc=770
1789121351	mine_kb=688	total_kb=34244420	nproc=770
1789121353	mine_kb=688	total_kb=34363988	nproc=770
1789121355	mine_kb=688	total_kb=34348884	nproc=770
1789121357	mine_kb=688	total_kb=34558980	nproc=770
1789121359	mine_kb=688	total_kb=34815988	nproc=770
1789121361	mine_kb=688	total_kb=34728916	nproc=770
1789121363	mine_kb=688	total_kb=34716900	nproc=770
1789121365	mine_kb=688	total_kb=34722420	nproc=770
1789121367	mine_kb=688	total_kb=34762116	nproc=770
1789121369	mine_kb=688	total_kb=34873300	nproc=773
1789121371	mine_kb=688	total_kb=34976932	nproc=770
1789121373	mine_kb=688	total_kb=34754052	nproc=770
1789121375	mine_kb=688	total_kb=34852244	nproc=770
1789121377	mine_kb=688	total_kb=34959508	nproc=770
1789121379	mine_kb=688	total_kb=35006852	nproc=770
1789121381	mine_kb=688	total_kb=35030356	nproc=770
1789121383	mine_kb=688	total_kb=35041828	nproc=768
1789121385	mine_kb=688	total_kb=35045860	nproc=768
1789121388	mine_kb=688	total_kb=35033876	nproc=771
1789121390	mine_kb=688	total_kb=35063860	nproc=771
1789121392	mine_kb=688	total_kb=35142212	nproc=771
1789121394	mine_kb=688	total_kb=35116196	nproc=771
1789121396	mine_kb=688	total_kb=35188260	nproc=771
1789121398	mine_kb=688	total_kb=35077108	nproc=770
1789121400	mine_kb=688	total_kb=34556792	nproc=771
1789121402	mine_kb=688	total_kb=34606888	nproc=772
1789121404	mine_kb=688	total_kb=34627272	nproc=769
1789121406	mine_kb=688	total_kb=34676712	nproc=769
1789121408	mine_kb=688	total_kb=34696952	nproc=769
1789121410	mine_kb=688	total_kb=35022648	nproc=769
1789121412	mine_kb=688	total_kb=35013592	nproc=769
1789121414	mine_kb=688	total_kb=35059384	nproc=768
1789121416	mine_kb=688	total_kb=35190632	nproc=769
1789121418	mine_kb=688	total_kb=35067048	nproc=769
1789121420	mine_kb=688	total_kb=35125000	nproc=768
1789121422	mine_kb=688	total_kb=34971976	nproc=769
1789121424	mine_kb=688	total_kb=34966936	nproc=769
1789121426	mine_kb=688	total_kb=34754296	nproc=769
1789121428	mine_kb=688	total_kb=34785784	nproc=769
1789121431	mine_kb=688	total_kb=34695112	nproc=765
1789121433	mine_kb=688	total_kb=34707304	nproc=765
1789121435	mine_kb=688	total_kb=34773720	nproc=765
1789121437	mine_kb=688	total_kb=34780856	nproc=765
1789121439	mine_kb=688	total_kb=34700520	nproc=765
1789121441	mine_kb=688	total_kb=34615768	nproc=767
1789121443	mine_kb=688	total_kb=35188936	nproc=767
1789121445	mine_kb=688	total_kb=35132520	nproc=767
1789121447	mine_kb=688	total_kb=35147160	nproc=767
1789121449	mine_kb=688	total_kb=35259544	nproc=767
1789121451	mine_kb=688	total_kb=35271032	nproc=767
1789121453	mine_kb=688	total_kb=35215352	nproc=767
1789121455	mine_kb=688	total_kb=35184872	nproc=767
1789121457	mine_kb=688	total_kb=35090184	nproc=767
1789121459	mine_kb=688	total_kb=35179640	nproc=767
1789121461	mine_kb=688	total_kb=35483304	nproc=766
1789121463	mine_kb=688	total_kb=35554088	nproc=774
1789121465	mine_kb=688	total_kb=35543800	nproc=767
1789121467	mine_kb=688	total_kb=35602264	nproc=767
1789121469	mine_kb=688	total_kb=35625608	nproc=769
1789121471	mine_kb=688	total_kb=35663960	nproc=769
1789121473	mine_kb=688	total_kb=35629928	nproc=769
1789121476	mine_kb=688	total_kb=35738744	nproc=772
1789121478	mine_kb=688	total_kb=35844024	nproc=771
1789121480	mine_kb=688	total_kb=36046696	nproc=772
1789121482	mine_kb=688	total_kb=36152136	nproc=773
1789121484	mine_kb=688	total_kb=35932780	nproc=787
1789121486	mine_kb=688	total_kb=35769324	nproc=787
1789121488	mine_kb=688	total_kb=35751708	nproc=787
1789121490	mine_kb=688	total_kb=35745116	nproc=787
1789121492	mine_kb=688	total_kb=35743228	nproc=787
1789121494	mine_kb=688	total_kb=35702188	nproc=785
1789121496	mine_kb=688	total_kb=35753628	nproc=785
1789121498	mine_kb=688	total_kb=35690972	nproc=785
1789121500	mine_kb=688	total_kb=35757692	nproc=784
1789121502	mine_kb=688	total_kb=35820540	nproc=786
1789121504	mine_kb=688	total_kb=35688428	nproc=786
1789121506	mine_kb=688	total_kb=35606684	nproc=786
1789121508	mine_kb=688	total_kb=35619964	nproc=785
1789121510	mine_kb=688	total_kb=35635004	nproc=786
1789121512	mine_kb=688	total_kb=35548956	nproc=786
1789121514	mine_kb=688	total_kb=34739532	nproc=786
1789121516	mine_kb=688	total_kb=34537148	nproc=786
1789121518	mine_kb=688	total_kb=33257756	nproc=786
1789121521	mine_kb=688	total_kb=33480732	nproc=786
1789121523	mine_kb=688	total_kb=32871116	nproc=803
1789121525	mine_kb=688	total_kb=32691660	nproc=808
1789121527	mine_kb=688	total_kb=32497260	nproc=805
1789121529	mine_kb=688	total_kb=32360684	nproc=804
1789121531	mine_kb=688	total_kb=32661644	nproc=803
1789121533	mine_kb=688	total_kb=32785836	nproc=803
1789121535	mine_kb=688	total_kb=32821692	nproc=802
1789121537	mine_kb=688	total_kb=32350984	nproc=803
1789121539	mine_kb=688	total_kb=32525480	nproc=805
1789121541	mine_kb=688	total_kb=32512584	nproc=805
1789121543	mine_kb=688	total_kb=32290716	nproc=806
1789121545	mine_kb=688	total_kb=32302828	nproc=806
1789121547	mine_kb=688	total_kb=31991676	nproc=805
1789121549	mine_kb=688	total_kb=32085068	nproc=806
1789121551	mine_kb=688	total_kb=32530540	nproc=806
1789121553	mine_kb=688	total_kb=32753160	nproc=804
1789121555	mine_kb=688	total_kb=31941016	nproc=807
1789121557	mine_kb=688	total_kb=31897960	nproc=807
1789121559	mine_kb=688	total_kb=32278824	nproc=812
1789121562	mine_kb=688	total_kb=31888120	nproc=819
1789121564	mine_kb=688	total_kb=30770340	nproc=815
1789121566	mine_kb=688	total_kb=30761476	nproc=815
1789121568	mine_kb=688	total_kb=30912948	nproc=810
1789121570	mine_kb=688	total_kb=31160116	nproc=810
1789121572	mine_kb=688	total_kb=31317220	nproc=810
1789121574	mine_kb=688	total_kb=31532564	nproc=810
1789121576	mine_kb=688	total_kb=31633044	nproc=810
1789121578	mine_kb=688	total_kb=31651860	nproc=810
1789121580	mine_kb=688	total_kb=31549140	nproc=815
1789121582	mine_kb=688	total_kb=31016588	nproc=814
1789121584	mine_kb=688	total_kb=30829572	nproc=816
1789121586	mine_kb=688	total_kb=31934060	nproc=825
1789121588	mine_kb=688	total_kb=32034396	nproc=827
1789121590	mine_kb=688	total_kb=30944652	nproc=818
1789121592	mine_kb=688	total_kb=30737004	nproc=818
1789121594	mine_kb=688	total_kb=31042092	nproc=819
1789121596	mine_kb=688	total_kb=31378668	nproc=820
1789121598	mine_kb=688	total_kb=31149212	nproc=818
1789121601	mine_kb=688	total_kb=31466412	nproc=817
1789121603	mine_kb=688	total_kb=31779020	nproc=815
1789121605	mine_kb=688	total_kb=31703740	nproc=800
1789121607	mine_kb=688	total_kb=32007372	nproc=799
1789121609	mine_kb=688	total_kb=32085228	nproc=799
1789121611	mine_kb=688	total_kb=32216556	nproc=799
1789121613	mine_kb=688	total_kb=32224524	nproc=799
1789121615	mine_kb=688	total_kb=32129500	nproc=799
