	csg_mem tag=import_edges_resolved rss=377308000 live=886854
	csg_mem tag=metadata_contexts_built rss=565478360 live=1498357
	csg_mem tag=forest_build_start mode=reparse rss=571261912 live=1507366
	csg_mem tag=forest src=0 bytes=6917 rss=571278296 live=1507368
	csg_mem tag=forest_parse_begin pass=0 src=0 reserve=0 rss=571327448 live=1507387
	csg_mem tag=forest_parse_end pass=0 src=0 arena=267456 parse_ms=10 rss=571786200 live=1507886
	csg_mem tag=forest_parsed src=0 arena=267456 rss=571786200 live=1507886
	csg_mem tag=forest src=1 bytes=9952 rss=571524056 live=1507919
	csg_mem tag=forest_parse_begin pass=0 src=1 reserve=0 rss=571556824 live=1507940
	csg_mem tag=forest_parse_end pass=0 src=1 arena=524864 parse_ms=17 rss=572294104 live=1509014
	csg_mem tag=forest_parsed src=1 arena=524864 rss=572294104 live=1509014
	csg_mem tag=forest src=2 bytes=817253 rss=571769816 live=1509019
	csg_mem tag=forest_parse_begin pass=0 src=2 reserve=0 rss=575046616 live=1509052
	csg_mem tag=forest_parse_end pass=0 src=2 arena=33621952 parse_ms=1044 rss=611681288 live=1552892
	csg_mem tag=forest_parsed src=2 arena=33621952 rss=611681288 live=1552892
	csg_mem tag=forest src=3 bytes=94454 rss=577225688 live=1552902
	csg_mem tag=forest_parse_begin pass=0 src=3 reserve=0 rss=577225688 live=1552927
	csg_mem tag=forest_parse_end pass=0 src=3 arena=2923808 parse_ms=94 rss=580748248 live=1556781
	csg_mem tag=forest_parsed src=3 arena=2923808 rss=580748248 live=1556781
	csg_mem tag=forest src=4 bytes=59923 rss=577815512 live=1556768
	csg_mem tag=forest_parse_begin pass=0 src=4 reserve=0 rss=577881048 live=1556793
	csg_mem tag=forest_parse_end pass=0 src=4 arena=2089344 parse_ms=60 rss=580404184 live=1559392
	csg_mem tag=forest_parsed src=4 arena=2089344 rss=580404184 live=1559392
	csg_mem tag=forest src=5 bytes=136212 rss=578307032 live=1559388
	csg_mem tag=forest_parse_begin pass=0 src=5 reserve=0 rss=578569176 live=1559415
	csg_mem tag=forest_parse_end pass=0 src=5 arena=4658880 parse_ms=165 rss=584205272 live=1565949
	csg_mem tag=forest_parsed src=5 arena=4658880 rss=584205272 live=1565949
	csg_mem tag=forest src=6 bytes=164754 rss=579568600 live=1565939
	csg_mem tag=forest_parse_begin pass=0 src=6 reserve=0 rss=579847128 live=1565966
	csg_mem tag=forest_parse_end pass=0 src=6 arena=7788096 parse_ms=185 rss=587940824 live=1573219
	csg_mem tag=forest_parsed src=6 arena=7788096 rss=587940824 live=1573219
	csg_mem tag=forest src=7 bytes=126542 rss=581092312 live=1573205
	csg_mem tag=forest_parse_begin pass=0 src=7 reserve=0 rss=581534680 live=1573232
	csg_mem tag=forest_parse_end pass=0 src=7 arena=4544352 parse_ms=151 rss=586744792 live=1579990
	csg_mem tag=forest_parsed src=7 arena=4544352 rss=586744792 live=1579990
	csg_mem tag=forest src=8 bytes=108814 rss=582190040 live=1579980
	csg_mem tag=forest_parse_begin pass=0 src=8 reserve=0 rss=582566872 live=1580007
	csg_mem tag=forest_parse_end pass=0 src=8 arena=4364704 parse_ms=146 rss=587613144 live=1586134
	csg_mem tag=forest_parsed src=8 arena=4364704 rss=587613144 live=1586134
	csg_mem tag=forest src=9 bytes=97046 rss=583255000 live=1586134
	csg_mem tag=forest_parse_begin pass=0 src=9 reserve=0 rss=583353304 live=1586159
	csg_mem tag=forest_parse_end pass=0 src=9 arena=3957344 parse_ms=108 rss=587432920 live=1590899
	csg_mem tag=forest_parsed src=9 arena=3957344 rss=587432920 live=1590899
	csg_mem tag=forest src=10 bytes=263042 rss=583467992 live=1590886
	csg_mem tag=forest_parse_begin pass=0 src=10 reserve=0 rss=583615448 live=1590915
	csg_mem tag=forest_parse_end pass=0 src=10 arena=9308960 parse_ms=339 rss=593282008 live=1605631
	csg_mem tag=forest_parsed src=10 arena=9308960 rss=593282008 live=1605631
	csg_mem tag=forest src=11 bytes=30477 rss=583746520 live=1605654
	csg_mem tag=forest_parse_begin pass=0 src=11 reserve=0 rss=583762904 live=1605677
	csg_mem tag=forest_parse_end pass=0 src=11 arena=2263584 parse_ms=65 rss=586171352 live=1609546
	csg_mem tag=forest_parsed src=11 arena=2263584 rss=586171352 live=1609546
	csg_mem tag=forest src=12 bytes=16343 rss=583893976 live=1609532
	csg_mem tag=forest_parse_begin pass=0 src=12 reserve=0 rss=583910360 live=1609553
	csg_mem tag=forest_parse_end pass=0 src=12 arena=525216 parse_ms=19 rss=584500184 live=1610515
	csg_mem tag=forest_parsed src=12 arena=525216 rss=584500184 live=1610515
	csg_mem tag=forest src=13 bytes=11234 rss=583959512 live=1610501
	csg_mem tag=forest_parse_begin pass=0 src=13 reserve=0 rss=583959512 live=1610520
	csg_mem tag=forest_parse_end pass=0 src=13 arena=574720 parse_ms=23 rss=584631256 live=1611374
	csg_mem tag=forest_parsed src=13 arena=574720 rss=584631256 live=1611374
	csg_mem tag=forest src=14 bytes=520230 rss=584057816 live=1611360
	csg_mem tag=forest_parse_begin pass=0 src=14 reserve=0 rss=584205272 live=1611391
	csg_mem tag=forest_parse_end pass=0 src=14 arena=42641152 parse_ms=1050 rss=627639352 live=1650932
	csg_mem tag=forest_parsed src=14 arena=42641152 rss=627639352 live=1650932
	csg_mem tag=forest src=15 bytes=1152 rss=584909808 live=1650918
	csg_mem tag=forest_parse_begin pass=0 src=15 reserve=0 rss=584909808 live=1650931
	csg_mem tag=forest_parse_end pass=0 src=15 arena=20544 parse_ms=0 rss=584909808 live=1650963
	csg_mem tag=forest_parsed src=15 arena=20544 rss=584909808 live=1650963
	csg_mem tag=forest src=16 bytes=99460 rss=584909808 live=1650949
	csg_mem tag=forest_parse_begin pass=0 src=16 reserve=0 rss=584991728 live=1650974
	csg_mem tag=forest_parse_end pass=0 src=16 arena=3434720 parse_ms=101 rss=588497904 live=1656956
	csg_mem tag=forest_parsed src=16 arena=3434720 rss=588497904 live=1656956
	csg_mem tag=forest src=17 bytes=1232 rss=585057264 live=1656962
	csg_mem tag=forest_parse_begin pass=0 src=17 reserve=0 rss=585057264 live=1656975
	csg_mem tag=forest_parse_end pass=0 src=17 arena=9408 parse_ms=0 rss=585057264 live=1657006
	csg_mem tag=forest_parsed src=17 arena=9408 rss=585057264 live=1657006
	csg_mem tag=forest src=18 bytes=1854 rss=585057264 live=1656992
	csg_mem tag=forest_parse_begin pass=0 src=18 reserve=0 rss=585057264 live=1657005
	csg_mem tag=forest_parse_end pass=0 src=18 arena=11776 parse_ms=0 rss=585073648 live=1657046
	csg_mem tag=forest_parsed src=18 arena=11776 rss=585073648 live=1657046
	csg_mem tag=forest src=19 bytes=3277 rss=585073648 live=1657032
	csg_mem tag=forest_parse_begin pass=0 src=19 reserve=0 rss=585073648 live=1657047
	csg_mem tag=forest_parse_end pass=0 src=19 arena=82848 parse_ms=2 rss=585106416 live=1657230
	csg_mem tag=forest_parsed src=19 arena=82848 rss=585106416 live=1657230
	csg_mem tag=forest src=20 bytes=7479 rss=585106416 live=1657216
	csg_mem tag=forest_parse_begin pass=0 src=20 reserve=0 rss=585122800 live=1657235
	csg_mem tag=forest_parse_end pass=0 src=20 arena=282240 parse_ms=10 rss=585434096 live=1657668
	csg_mem tag=forest_parsed src=20 arena=282240 rss=585434096 live=1657668
	csg_mem tag=forest src=21 bytes=3268 rss=585139184 live=1657654
	csg_mem tag=forest_parse_begin pass=0 src=21 reserve=0 rss=585139184 live=1657671
	csg_mem tag=forest_parse_end pass=0 src=21 arena=84416 parse_ms=2 rss=585139184 live=1657760
	csg_mem tag=forest_parsed src=21 arena=84416 rss=585139184 live=1657760
	csg_mem tag=forest src=22 bytes=89269 rss=585139184 live=1657746
	csg_mem tag=forest_parse_begin pass=0 src=22 reserve=0 rss=585155568 live=1657773
	csg_mem tag=forest_parse_end pass=0 src=22 arena=4664544 parse_ms=180 rss=589857776 live=1665648
	csg_mem tag=forest_parsed src=22 arena=4664544 rss=589857776 live=1665648
	csg_mem tag=forest src=23 bytes=25398 rss=585221104 live=1665640
	csg_mem tag=forest_parse_begin pass=0 src=23 reserve=0 rss=585221104 live=1665663
	csg_mem tag=forest_parse_end pass=0 src=23 arena=2018560 parse_ms=52 rss=587269104 live=1668538
	csg_mem tag=forest_parsed src=23 arena=2018560 rss=587269104 live=1668538
	csg_mem tag=forest src=24 bytes=36083 rss=585237488 live=1668525
	csg_mem tag=forest_parse_begin pass=0 src=24 reserve=0 rss=585253872 live=1668548
	csg_mem tag=forest_parse_end pass=0 src=24 arena=1539552 parse_ms=47 rss=586892272 live=1671261
	csg_mem tag=forest_parsed src=24 arena=1539552 rss=586908656 live=1671261
	csg_mem tag=forest src=25 bytes=29310 rss=585368560 live=1671262
	csg_mem tag=forest_parse_begin pass=0 src=25 reserve=0 rss=585384944 live=1671285
	csg_mem tag=forest_parse_end pass=0 src=25 arena=1136928 parse_ms=35 rss=586597360 live=1672567
	csg_mem tag=forest_parsed src=25 arena=1136928 rss=586597360 live=1672567
	csg_mem tag=forest src=26 bytes=21459 rss=585450480 live=1672553
	csg_mem tag=forest_parse_begin pass=0 src=26 reserve=0 rss=585450480 live=1672574
	csg_mem tag=forest_parse_end pass=0 src=26 arena=1099968 parse_ms=36 rss=586613744 live=1673671
	csg_mem tag=forest_parsed src=26 arena=1099968 rss=586613744 live=1673671
	csg_mem tag=forest src=27 bytes=1082 rss=585499632 live=1673657
	csg_mem tag=forest_parse_begin pass=0 src=27 reserve=0 rss=585499632 live=1673670
	csg_mem tag=forest_parse_end pass=0 src=27 arena=64576 parse_ms=2 rss=585516016 live=1673736
	csg_mem tag=forest_parsed src=27 arena=64576 rss=585516016 live=1673736
	csg_mem tag=forest src=28 bytes=5750 rss=585516016 live=1673722
	csg_mem tag=forest_parse_begin pass=0 src=28 reserve=0 rss=585516016 live=1673741
	csg_mem tag=forest_parse_end pass=0 src=28 arena=260320 parse_ms=8 rss=585794544 live=1674248
	csg_mem tag=forest_parsed src=28 arena=260320 rss=585794544 live=1674248
	csg_mem tag=forest src=29 bytes=59609 rss=585532400 live=1674235
	csg_mem tag=forest_parse_begin pass=0 src=29 reserve=0 rss=585565168 live=1674260
	csg_mem tag=forest_parse_end pass=0 src=29 arena=3234976 parse_ms=81 rss=588956656 live=1678076
	csg_mem tag=forest_parsed src=29 arena=3234976 rss=588956656 live=1678076
	csg_mem tag=forest src=30 bytes=50794 rss=585712624 live=1678066
	csg_mem tag=forest_parse_begin pass=0 src=30 reserve=0 rss=585729008 live=1678091
	csg_mem tag=forest_parse_end pass=0 src=30 arena=2238272 parse_ms=76 rss=588186608 live=1681830
	csg_mem tag=forest_parsed src=30 arena=2238272 rss=588186608 live=1681830
	csg_mem tag=forest src=31 bytes=52710 rss=585942000 live=1681824
	csg_mem tag=forest_parse_begin pass=0 src=31 reserve=0 rss=585991152 live=1681849
	csg_mem tag=forest_parse_end pass=0 src=31 arena=2247424 parse_ms=74 rss=588563440 live=1684957
	csg_mem tag=forest_parsed src=31 arena=2247424 rss=588563440 live=1684957
	csg_mem tag=forest src=32 bytes=2252 rss=586302448 live=1684945
	csg_mem tag=forest_parse_begin pass=0 src=32 reserve=0 rss=586302448 live=1684960
	csg_mem tag=forest_parse_end pass=0 src=32 arena=95584 parse_ms=2 rss=586367984 live=1685108
	csg_mem tag=forest_parsed src=32 arena=95584 rss=586367984 live=1685108
	csg_mem tag=forest src=33 bytes=48367 rss=586367984 live=1685105
	csg_mem tag=forest_parse_begin pass=0 src=33 reserve=0 rss=586449904 live=1685128
	csg_mem tag=forest_parse_end pass=0 src=33 arena=1983616 parse_ms=62 rss=588612592 live=1688321
	csg_mem tag=forest_parsed src=33 arena=1983616 rss=588612592 live=1688321
	csg_mem tag=forest src=34 bytes=16779 rss=586646512 live=1688310
	csg_mem tag=forest_parse_begin pass=0 src=34 reserve=0 rss=586712048 live=1688331
	csg_mem tag=forest_parse_end pass=0 src=34 arena=1070528 parse_ms=29 rss=587973616 live=1689538
	csg_mem tag=forest_parsed src=34 arena=1070528 rss=587973616 live=1689538
	csg_mem tag=forest src=35 bytes=241090 rss=586908656 live=1689535
	csg_mem tag=forest_parse_begin pass=0 src=35 reserve=0 rss=587514864 live=1689564
	csg_mem tag=forest_parse_end pass=0 src=35 arena=9242720 parse_ms=397 rss=597361648 live=1701700
	csg_mem tag=forest_parsed src=35 arena=9242720 rss=597361648 live=1701700
	csg_mem tag=forest src=36 bytes=21751 rss=588170224 live=1701687
	csg_mem tag=forest_parse_begin pass=0 src=36 reserve=0 rss=588186608 live=1701710
	csg_mem tag=forest_parse_end pass=0 src=36 arena=1131168 parse_ms=33 rss=589349872 live=1702951
	csg_mem tag=forest_parsed src=36 arena=1131168 rss=589349872 live=1702951
	csg_mem tag=forest src=37 bytes=91449 rss=588219376 live=1702940
	csg_mem tag=forest_parse_begin pass=0 src=37 reserve=0 rss=588235760 live=1702967
	csg_mem tag=forest_parse_end pass=0 src=37 arena=7943136 parse_ms=209 rss=595756016 live=1712755
	csg_mem tag=forest_parsed src=37 arena=7943136 rss=595756016 live=1712755
	csg_mem tag=forest src=38 bytes=22555 rss=588317680 live=1712747
	csg_mem tag=forest_parse_begin pass=0 src=38 reserve=0 rss=588334064 live=1712770
	csg_mem tag=forest_parse_end pass=0 src=38 arena=1179904 parse_ms=46 rss=589661168 live=1715483
	csg_mem tag=forest_parsed src=38 arena=1179904 rss=589661168 live=1715483
	csg_mem tag=forest src=39 bytes=16869 rss=588465136 live=1715470
	csg_mem tag=forest_parse_begin pass=0 src=39 reserve=0 rss=588465136 live=1715491
	csg_mem tag=forest_parse_end pass=0 src=39 arena=1112096 parse_ms=36 rss=589693936 live=1717588
	csg_mem tag=forest_parsed src=39 arena=1112096 rss=589693936 live=1717588
	csg_mem tag=forest src=40 bytes=42339 rss=588579824 live=1717575
	csg_mem tag=forest_parse_begin pass=0 src=40 reserve=0 rss=588628976 live=1717598
	csg_mem tag=forest_parse_end pass=0 src=40 arena=3115232 parse_ms=103 rss=591954928 live=1722835
	csg_mem tag=forest_parsed src=40 arena=3115232 rss=591954928 live=1722835
	csg_mem tag=forest src=41 bytes=16263 rss=588841968 live=1722826
	csg_mem tag=forest_parse_begin pass=0 src=41 reserve=0 rss=588874736 live=1722847
	csg_mem tag=forest_parse_end pass=0 src=41 arena=1044768 parse_ms=34 rss=590038000 live=1725048
	csg_mem tag=forest_parsed src=41 arena=1044768 rss=590038000 live=1725048
	csg_mem tag=forest src=42 bytes=14980 rss=588989424 live=1725035
	csg_mem tag=forest_parse_begin pass=0 src=42 reserve=0 rss=589022192 live=1725056
	csg_mem tag=forest_parse_end pass=0 src=42 arena=1044640 parse_ms=33 rss=590087152 live=1727111
	csg_mem tag=forest_parsed src=42 arena=1044640 rss=590087152 live=1727111
	csg_mem tag=forest src=43 bytes=1470 rss=589038576 live=1727098
	csg_mem tag=forest_parse_begin pass=0 src=43 reserve=0 rss=589038576 live=1727113
	csg_mem tag=forest_parse_end pass=0 src=43 arena=68320 parse_ms=2 rss=589071344 live=1727204
	csg_mem tag=forest_parsed src=43 arena=68320 rss=589071344 live=1727204
	csg_mem tag=forest src=44 bytes=45177 rss=589071344 live=1727190
	csg_mem tag=forest_parse_begin pass=0 src=44 reserve=0 rss=589153264 live=1727215
	csg_mem tag=forest_parse_end pass=0 src=44 arena=2183520 parse_ms=65 rss=591414256 live=1729813
	csg_mem tag=forest_parsed src=44 arena=2183520 rss=591414256 live=1729813
	csg_mem tag=forest src=45 bytes=3258 rss=589218800 live=1729801
	csg_mem tag=forest_parse_begin pass=0 src=45 reserve=0 rss=589218800 live=1729818
	csg_mem tag=forest_parse_end pass=0 src=45 arena=205280 parse_ms=7 rss=589448176 live=1730030
	csg_mem tag=forest_parsed src=45 arena=205280 rss=589448176 live=1730030
	csg_mem tag=forest src=46 bytes=1452 rss=589235184 live=1730016
	csg_mem tag=forest_parse_begin pass=0 src=46 reserve=0 rss=589235184 live=1730031
	csg_mem tag=forest_parse_end pass=0 src=46 arena=42336 parse_ms=1 rss=589235184 live=1730135
	csg_mem tag=forest_parsed src=46 arena=42336 rss=589235184 live=1730135
	csg_mem tag=forest src=47 bytes=1498710 rss=589235184 live=1730121
	csg_mem tag=forest_parse_begin pass=0 src=47 reserve=0 rss=592315376 live=1730154
	csg_mem tag=forest_parse_end pass=0 src=47 arena=63019392 parse_ms=1897 rss=651854904 live=1798321
	csg_mem tag=forest_parsed src=47 arena=63019392 rss=651854904 live=1798321
	csg_mem tag=forest src=48 bytes=15407 rss=593609712 live=1798367
	csg_mem tag=forest_parse_begin pass=0 src=48 reserve=0 rss=550978544 live=1798388
	csg_mem tag=forest_parse_end pass=0 src=48 arena=978976 parse_ms=23 rss=552010736 live=1799298
	csg_mem tag=forest_parsed src=48 arena=978976 rss=552010736 live=1799298
	csg_mem tag=forest src=49 bytes=36412 rss=551027696 live=1799285
	csg_mem tag=forest_parse_begin pass=0 src=49 reserve=0 rss=551027696 live=1799308
	csg_mem tag=forest_parse_end pass=0 src=49 arena=2226944 parse_ms=77 rss=553403376 live=1803169
	csg_mem tag=forest_parsed src=49 arena=2226944 rss=553403376 live=1803169
	csg_mem tag=forest src=50 bytes=212055 rss=551175152 live=1803156
	csg_mem tag=forest_parse_begin pass=0 src=50 reserve=0 rss=551355376 live=1803183
	csg_mem tag=forest_parse_end pass=0 src=50 arena=9190592 parse_ms=364 rss=561480688 live=1817662
	csg_mem tag=forest_parsed src=50 arena=9190592 rss=561480688 live=1817662
	csg_mem tag=forest src=51 bytes=714 rss=552338416 live=1817660
	csg_mem tag=forest_parse_begin pass=0 src=51 reserve=0 rss=552354800 live=1817673
	csg_mem tag=forest_parse_end pass=0 src=51 arena=37568 parse_ms=1 rss=552354800 live=1817733
	csg_mem tag=forest_parsed src=51 arena=37568 rss=552354800 live=1817733
	csg_mem tag=forest src=52 bytes=15736 rss=552354800 live=1817719
	csg_mem tag=forest_parse_begin pass=0 src=52 reserve=0 rss=552387568 live=1817740
	csg_mem tag=forest_parse_end pass=0 src=52 arena=565856 parse_ms=20 rss=552961008 live=1818611
	csg_mem tag=forest_parsed src=52 arena=565856 rss=552961008 live=1818611
	csg_mem tag=forest src=53 bytes=15907 rss=552387568 live=1818597
	csg_mem tag=forest_parse_begin pass=0 src=53 reserve=0 rss=552403952 live=1818618
	csg_mem tag=forest_parse_end pass=0 src=53 arena=748160 parse_ms=23 rss=553174000 live=1819679
	csg_mem tag=forest_parsed src=53 arena=748160 rss=553174000 live=1819679
	csg_mem tag=forest src=54 bytes=18039 rss=552420336 live=1819668
	csg_mem tag=forest_parse_begin pass=0 src=54 reserve=0 rss=552420336 live=1819689
	csg_mem tag=forest_parse_end pass=0 src=54 arena=972064 parse_ms=25 rss=553419760 live=1820629
	csg_mem tag=forest_parsed src=54 arena=972064 rss=553419760 live=1820629
	csg_mem tag=forest src=55 bytes=7239 rss=552436720 live=1820617
	csg_mem tag=forest_parse_begin pass=0 src=55 reserve=0 rss=552436720 live=1820636
	csg_mem tag=forest_parse_end pass=0 src=55 arena=562848 parse_ms=17 rss=553026544 live=1821264
	csg_mem tag=forest_parsed src=55 arena=562848 rss=553026544 live=1821264
	csg_mem tag=forest src=56 bytes=11717 rss=552453104 live=1821251
	csg_mem tag=forest_parse_begin pass=0 src=56 reserve=0 rss=552485872 live=1821272
	csg_mem tag=forest_parse_end pass=0 src=56 arena=540640 parse_ms=17 rss=553026544 live=1822079
	csg_mem tag=forest_parsed src=56 arena=540640 rss=553026544 live=1822079
	csg_mem tag=forest src=57 bytes=2498 rss=552485872 live=1822067
	csg_mem tag=forest_parse_begin pass=0 src=57 reserve=0 rss=552502256 live=1822084
	csg_mem tag=forest_parse_end pass=0 src=57 arena=108032 parse_ms=3 rss=552502256 live=1822232
	csg_mem tag=forest_parsed src=57 arena=108032 rss=552502256 live=1822232
	csg_mem tag=forest src=58 bytes=9947 rss=552502256 live=1822221
	csg_mem tag=forest_parse_begin pass=0 src=58 reserve=0 rss=552518640 live=1822242
	csg_mem tag=forest_parse_end pass=0 src=58 arena=562528 parse_ms=17 rss=553108464 live=1822912
	csg_mem tag=forest_parsed src=58 arena=562528 rss=553108464 live=1822912
	csg_mem tag=forest src=59 bytes=59910 rss=552535024 live=1822900
	csg_mem tag=forest_parse_begin pass=0 src=59 reserve=0 rss=552600560 live=1822925
	csg_mem tag=forest_parse_end pass=0 src=59 arena=2329920 parse_ms=82 rss=554976240 live=1826138
	csg_mem tag=forest_parsed src=59 arena=2329920 rss=554976240 live=1826138
	csg_mem tag=forest src=60 bytes=4463 rss=552649712 live=1826127
	csg_mem tag=forest_parse_begin pass=0 src=60 reserve=0 rss=552666096 live=1826144
	csg_mem tag=forest_parse_end pass=0 src=60 arena=246432 parse_ms=6 rss=552944624 live=1826457
	csg_mem tag=forest_parsed src=60 arena=246432 rss=552944624 live=1826457
	csg_mem tag=forest src=61 bytes=4513282 rss=552682480 live=1826443
	csg_mem tag=forest_parse_begin pass=0 src=61 reserve=0 rss=561038320 live=1826480
	csg_mem tag=forest_parse_end pass=0 src=61 arena=140260800 parse_ms=7537 rss=714753104 live=2024472
	csg_mem tag=forest_parsed src=61 arena=140260800 rss=714753104 live=2024472
	csg_mem tag=forest src=62 bytes=214132 rss=569213936 live=2024485
	csg_mem tag=forest_parse_begin pass=0 src=62 reserve=0 rss=569361392 live=2024514
	csg_mem tag=forest_parse_end pass=0 src=62 arena=9147168 parse_ms=357 rss=578634736 live=2037418
	csg_mem tag=forest_parsed src=62 arena=9147168 rss=578634736 live=2037418
	csg_mem tag=forest src=63 bytes=146632 rss=569525232 live=2037404
	csg_mem tag=forest_parse_begin pass=0 src=63 reserve=0 rss=569607152 live=2037431
	csg_mem tag=forest_parse_end pass=0 src=63 arena=7895328 parse_ms=302 rss=577586160 live=2046116
	csg_mem tag=forest_parsed src=63 arena=7895328 rss=577586160 live=2046116
	csg_mem tag=forest src=64 bytes=60278 rss=569689072 live=2046110
	csg_mem tag=forest_parse_begin pass=0 src=64 reserve=0 rss=569721840 live=2046135
	csg_mem tag=forest_parse_end pass=0 src=64 arena=2237760 parse_ms=96 rss=571999216 live=2049498
	csg_mem tag=forest_parsed src=64 arena=2237760 rss=571999216 live=2049498
	csg_mem tag=forest src=65 bytes=26513 rss=569754608 live=2049497
	csg_mem tag=forest_parse_begin pass=0 src=65 reserve=0 rss=569770992 live=2049520
	csg_mem tag=forest_parse_end pass=0 src=65 arena=1929824 parse_ms=54 rss=571753456 live=2051852
	csg_mem tag=forest_parsed src=65 arena=1929824 rss=571753456 live=2051852
	csg_mem tag=forest src=66 bytes=115864 rss=569820144 live=2051838
	csg_mem tag=forest_parse_begin pass=0 src=66 reserve=0 rss=569820144 live=2051865
	csg_mem tag=forest_parse_end pass=0 src=66 arena=7864864 parse_ms=274 rss=577209328 live=2061071
	csg_mem tag=forest_parsed src=66 arena=7864864 rss=577209328 live=2061071
	csg_mem tag=forest src=67 bytes=342860 rss=569869296 live=2061059
	csg_mem tag=forest_parse_begin pass=0 src=67 reserve=0 rss=569885680 live=2061088
	csg_mem tag=forest_parse_end pass=0 src=67 arena=15735424 parse_ms=733 rss=585204720 live=2086911
	csg_mem tag=forest_parsed src=67 arena=15735424 rss=585204720 live=2086911
	csg_mem tag=forest src=68 bytes=93793 rss=570164208 live=2086910
	csg_mem tag=forest_parse_begin pass=0 src=68 reserve=0 rss=570196976 live=2086937
	csg_mem tag=forest_parse_end pass=0 src=68 arena=4499488 parse_ms=180 rss=574784496 live=2093055
	csg_mem tag=forest_parsed src=68 arena=4499488 rss=574784496 live=2093055
	csg_mem tag=forest src=69 bytes=18553 rss=570278896 live=2093042
	csg_mem tag=forest_parse_begin pass=0 src=69 reserve=0 rss=570295280 live=2093063
	csg_mem tag=forest_parse_end pass=0 src=69 arena=1560128 parse_ms=56 rss=571933680 live=2096320
	csg_mem tag=forest_parsed src=69 arena=1560128 rss=571933680 live=2096320
	csg_mem tag=forest src=70 bytes=23302 rss=570360816 live=2096306
	csg_mem tag=forest_parse_begin pass=0 src=70 reserve=0 rss=570360816 live=2096329
	csg_mem tag=forest_parse_end pass=0 src=70 arena=1078944 parse_ms=42 rss=571442160 live=2098396
	csg_mem tag=forest_parsed src=70 arena=1078944 rss=571442160 live=2098396
	csg_mem tag=forest src=71 bytes=12094 rss=570360816 live=2098391
	csg_mem tag=forest_parse_begin pass=0 src=71 reserve=0 rss=570360816 live=2098410
	csg_mem tag=forest_parse_end pass=0 src=71 arena=484512 parse_ms=18 rss=570852336 live=2099038
	csg_mem tag=forest_parsed src=71 arena=484512 rss=570852336 live=2099038
	csg_mem tag=forest src=72 bytes=373101 rss=570360816 live=2099026
	csg_mem tag=forest_parse_begin pass=0 src=72 reserve=0 rss=570508272 live=2099055
	csg_mem tag=forest_parse_end pass=0 src=72 arena=15793504 parse_ms=519 rss=585745392 live=2117097
	csg_mem tag=forest_parsed src=72 arena=15793504 rss=585745392 live=2117097
	csg_mem tag=forest src=73 bytes=5619 rss=570606576 live=2117100
	csg_mem tag=forest_parse_begin pass=0 src=73 reserve=0 rss=570606576 live=2117119
	csg_mem tag=forest_parse_end pass=0 src=73 arena=206048 parse_ms=7 rss=570819568 live=2117538
	csg_mem tag=forest_parsed src=73 arena=206048 rss=570819568 live=2117538
	csg_mem tag=forest src=74 bytes=256078 rss=570606576 live=2117524
	csg_mem tag=forest_parse_begin pass=0 src=74 reserve=0 rss=570672112 live=2117553
	csg_mem tag=forest_parse_end pass=0 src=74 arena=9120128 parse_ms=342 rss=579765232 live=2128910
	csg_mem tag=forest_parsed src=74 arena=9120128 rss=579765232 live=2128910
	csg_mem tag=forest src=75 bytes=228229 rss=570688496 live=2128902
	csg_mem tag=forest_parse_begin pass=0 src=75 reserve=0 rss=570737648 live=2128931
	csg_mem tag=forest_parse_end pass=0 src=75 arena=8998336 parse_ms=293 rss=579765232 live=2140392
	csg_mem tag=forest_parsed src=75 arena=8998336 rss=579765232 live=2140392
	csg_mem tag=forest src=76 bytes=9159 rss=570754032 live=2140388
	csg_mem tag=forest_parse_begin pass=0 src=76 reserve=0 rss=570754032 live=2140409
	csg_mem tag=forest_parse_end pass=0 src=76 arena=481184 parse_ms=12 rss=571245552 live=2140674
	csg_mem tag=forest_parsed src=76 arena=481184 rss=571245552 live=2140674
	csg_mem tag=forest src=77 bytes=207027 rss=570754032 live=2140660
	csg_mem tag=forest_parse_begin pass=0 src=77 reserve=0 rss=570835952 live=2140689
	csg_mem tag=forest_parse_end pass=0 src=77 arena=9306368 parse_ms=338 rss=580699120 live=2154897
	csg_mem tag=forest_parsed src=77 arena=9306368 rss=580699120 live=2154897
	csg_mem tag=forest src=78 bytes=21659 rss=571425776 live=2154883
	csg_mem tag=forest_parse_begin pass=0 src=78 reserve=0 rss=571425776 live=2154904
	csg_mem tag=forest_parse_end pass=0 src=78 arena=897152 parse_ms=26 rss=572376048 live=2155965
	csg_mem tag=forest_parsed src=78 arena=897152 rss=572376048 live=2155965
	csg_mem tag=forest src=79 bytes=138950 rss=571474928 live=2155951
	csg_mem tag=forest_parse_begin pass=0 src=79 reserve=0 rss=571524080 live=2155978
	csg_mem tag=forest_parse_end pass=0 src=79 arena=7673728 parse_ms=194 rss=578995184 live=2165670
	csg_mem tag=forest_parsed src=79 arena=7673728 rss=578995184 live=2165670
	csg_mem tag=forest src=80 bytes=16818 rss=571851760 live=2165656
	csg_mem tag=forest_parse_begin pass=0 src=80 reserve=0 rss=571884528 live=2165677
	csg_mem tag=forest_parse_end pass=0 src=80 arena=580096 parse_ms=24 rss=572507120 live=2166582
	csg_mem tag=forest_parsed src=80 arena=580096 rss=572507120 live=2166582
	csg_mem tag=forest src=81 bytes=7011 rss=571917296 live=2166569
	csg_mem tag=forest_parse_begin pass=0 src=81 reserve=0 rss=571917296 live=2166586
	csg_mem tag=forest_parse_end pass=0 src=81 arena=26368 parse_ms=1 rss=571917296 live=2166659
	csg_mem tag=forest_parsed src=81 arena=26368 rss=571917296 live=2166659
	csg_mem tag=forest src=82 bytes=3088 rss=571917296 live=2166647
	csg_mem tag=forest_parse_begin pass=0 src=82 reserve=0 rss=571917296 live=2166664
	csg_mem tag=forest_parse_end pass=0 src=82 arena=135104 parse_ms=5 rss=572064752 live=2166906
	csg_mem tag=forest_parsed src=82 arena=135104 rss=572064752 live=2166906
	csg_mem tag=forest src=83 bytes=209875 rss=571917296 live=2166892
	csg_mem tag=forest_parse_begin pass=0 src=83 reserve=0 rss=571950064 live=2166921
	csg_mem tag=forest_parse_end pass=0 src=83 arena=8672672 parse_ms=289 rss=581108720 live=2180138
	csg_mem tag=forest_parsed src=83 arena=8672672 rss=581108720 live=2180138
	csg_mem tag=forest src=84 bytes=113595 rss=572474352 live=2180138
	csg_mem tag=forest_parse_begin pass=0 src=84 reserve=0 rss=572621808 live=2180165
	csg_mem tag=forest_parse_end pass=0 src=84 arena=4098720 parse_ms=124 rss=576750576 live=2185371
	csg_mem tag=forest_parsed src=84 arena=4098720 rss=576750576 live=2185371
	csg_mem tag=forest src=85 bytes=694069 rss=572654576 live=2185364
	csg_mem tag=forest_parse_begin pass=0 src=85 reserve=0 rss=573146096 live=2185395
	csg_mem tag=forest_parse_end pass=0 src=85 arena=31524320 parse_ms=921 rss=603669512 live=2233530
	csg_mem tag=forest_parsed src=85 arena=31524320 rss=603669512 live=2233530
	csg_mem tag=forest src=86 bytes=84731 rss=574063600 live=2233544
	csg_mem tag=forest_parse_begin pass=0 src=86 reserve=0 rss=574129136 live=2233571
	csg_mem tag=forest_parse_end pass=0 src=86 arena=4655136 parse_ms=149 rss=578913264 live=2239351
	csg_mem tag=forest_parsed src=86 arena=4655136 rss=578913264 live=2239351
	csg_mem tag=forest src=87 bytes=95381 rss=574260208 live=2239357
	csg_mem tag=forest_parse_begin pass=0 src=87 reserve=0 rss=574292976 live=2239384
	csg_mem tag=forest_parse_end pass=0 src=87 arena=4657632 parse_ms=145 rss=579257328 live=2246117
	csg_mem tag=forest_parsed src=87 arena=4657632 rss=579257328 live=2246117
	csg_mem tag=forest src=88 bytes=100872 rss=574620656 live=2246119
	csg_mem tag=forest_parse_begin pass=0 src=88 reserve=0 rss=574669808 live=2246146
	csg_mem tag=forest_parse_end pass=0 src=88 arena=4560160 parse_ms=151 rss=579634160 live=2253095
	csg_mem tag=forest_parsed src=88 arena=4560160 rss=579634160 live=2253095
	csg_mem tag=forest src=89 bytes=8802 rss=575063024 live=2253093
	csg_mem tag=forest_parse_begin pass=0 src=89 reserve=0 rss=575063024 live=2253114
	csg_mem tag=forest_parse_end pass=0 src=89 arena=550528 parse_ms=16 rss=575685616 live=2253721
	csg_mem tag=forest_parsed src=89 arena=550528 rss=575685616 live=2253721
	csg_mem tag=forest src=90 bytes=36472 rss=575128560 live=2253708
	csg_mem tag=forest_parse_begin pass=0 src=90 reserve=0 rss=575194096 live=2253733
	csg_mem tag=forest_parse_end pass=0 src=90 arena=2282368 parse_ms=74 rss=577569776 live=2256676
	csg_mem tag=forest_parsed src=90 arena=2282368 rss=577569776 live=2256676
	csg_mem tag=forest src=91 bytes=9587 rss=575292400 live=2256666
	csg_mem tag=forest_parse_begin pass=0 src=91 reserve=0 rss=575308784 live=2256687
	csg_mem tag=forest_parse_end pass=0 src=91 arena=577568 parse_ms=19 rss=575947760 live=2257479
	csg_mem tag=forest_parsed src=91 arena=577568 rss=575947760 live=2257479
	csg_mem tag=forest src=92 bytes=146673 rss=575357936 live=2257466
	csg_mem tag=forest_parse_begin pass=0 src=92 reserve=0 rss=575702000 live=2257493
	csg_mem tag=forest_parse_end pass=0 src=92 arena=6026144 parse_ms=196 rss=581911536 live=2266474
	csg_mem tag=forest_parsed src=92 arena=6026144 rss=581911536 live=2266474
	csg_mem tag=forest src=93 bytes=85404 rss=575882224 live=2266484
	csg_mem tag=forest_parse_begin pass=0 src=93 reserve=0 rss=576029680 live=2266511
	csg_mem tag=forest_parse_end pass=0 src=93 arena=4405344 parse_ms=135 rss=580699120 live=2271188
	csg_mem tag=forest_parsed src=93 arena=4405344 rss=580715504 live=2271188
	csg_mem tag=forest src=94 bytes=60609 rss=576308208 live=2271191
	csg_mem tag=forest_parse_begin pass=0 src=94 reserve=0 rss=576422896 live=2271216
	csg_mem tag=forest_parse_end pass=0 src=94 arena=3005376 parse_ms=89 rss=579519472 live=2274635
	csg_mem tag=forest_parsed src=94 arena=3005376 rss=579519472 live=2274635
	csg_mem tag=forest src=95 bytes=21133 rss=576504816 live=2274628
	csg_mem tag=forest_parse_begin pass=0 src=95 reserve=0 rss=576553968 live=2274651
	csg_mem tag=forest_parse_end pass=0 src=95 arena=1127648 parse_ms=35 rss=577881072 live=2275875
	csg_mem tag=forest_parsed src=95 arena=1127648 rss=577881072 live=2275875
	csg_mem tag=forest src=96 bytes=3751 rss=576750576 live=2275862
	csg_mem tag=forest_parse_begin pass=0 src=96 reserve=0 rss=576750576 live=2275879
	csg_mem tag=forest_parse_end pass=0 src=96 arena=196480 parse_ms=6 rss=577127408 live=2276114
	csg_mem tag=forest_parsed src=96 arena=196480 rss=577127408 live=2276114
	csg_mem tag=forest src=97 bytes=97141 rss=576930800 live=2276100
	csg_mem tag=forest_parse_begin pass=0 src=97 reserve=0 rss=577209328 live=2276127
	csg_mem tag=forest_parse_end pass=0 src=97 arena=4655136 parse_ms=158 rss=581911536 live=2282202
	csg_mem tag=forest_parsed src=97 arena=4655136 rss=581911536 live=2282202
	csg_mem tag=forest src=98 bytes=25148 rss=577258480 live=2282199
	csg_mem tag=forest_parse_begin pass=0 src=98 reserve=0 rss=577373192 live=2282222
	csg_mem tag=forest_parse_end pass=0 src=98 arena=1160192 parse_ms=40 rss=578585608 live=2283616
	csg_mem tag=forest_parsed src=98 arena=1160192 rss=578585608 live=2283616
	csg_mem tag=forest src=99 bytes=67075 rss=577422344 live=2283604
	csg_mem tag=forest_parse_begin pass=0 src=99 reserve=0 rss=577438728 live=2283629
	csg_mem tag=forest_parse_end pass=0 src=99 arena=3936576 parse_ms=100 rss=581452808 live=2287133
	csg_mem tag=forest_parsed src=99 arena=3936576 rss=581452808 live=2287133
	csg_mem tag=forest src=100 bytes=122136 rss=577520648 live=2287126
	csg_mem tag=forest_parse_begin pass=0 src=100 reserve=0 rss=577651720 live=2287153
	csg_mem tag=forest_parse_end pass=0 src=100 arena=4583264 parse_ms=165 rss=582304776 live=2294092
	csg_mem tag=forest_parsed src=100 arena=4583264 rss=582304776 live=2294092
	csg_mem tag=forest src=101 bytes=477806 rss=577766408 live=2294097
	csg_mem tag=forest_parse_begin pass=0 src=101 reserve=0 rss=578143240 live=2294128
	csg_mem tag=forest_parse_end pass=0 src=101 arena=18347488 parse_ms=687 rss=597214240 live=2333018
	csg_mem tag=forest_parsed src=101 arena=18347488 rss=597214240 live=2333018
	csg_mem tag=forest src=102 bytes=9251 rss=578503688 live=2333022
	csg_mem tag=forest_parse_begin pass=0 src=102 reserve=0 rss=578503688 live=2333041
	csg_mem tag=forest_parse_end pass=0 src=102 arena=410976 parse_ms=13 rss=578929672 live=2333763
	csg_mem tag=forest_parsed src=102 arena=410976 rss=578929672 live=2333763
	csg_mem tag=forest src=103 bytes=35254 rss=578503688 live=2333749
	csg_mem tag=forest_parse_begin pass=0 src=103 reserve=0 rss=578520072 live=2333774
	csg_mem tag=forest_parse_end pass=0 src=103 arena=1696640 parse_ms=51 rss=580224008 live=2335685
	csg_mem tag=forest_parsed src=103 arena=1696640 rss=580224008 live=2335685
	csg_mem tag=forest src=104 bytes=207662 rss=578520072 live=2335677
	csg_mem tag=forest_parse_begin pass=0 src=104 reserve=0 rss=578700296 live=2335706
	csg_mem tag=forest_parse_end pass=0 src=104 arena=8813440 parse_ms=279 rss=587629576 live=2346972
	csg_mem tag=forest_parsed src=104 arena=8813440 rss=587629576 live=2346972
	csg_mem tag=forest src=105 bytes=53041 rss=578814984 live=2346990
	csg_mem tag=forest_parse_begin pass=0 src=105 reserve=0 rss=578847752 live=2347015
	csg_mem tag=forest_parse_end pass=0 src=105 arena=2259072 parse_ms=74 rss=581108744 live=2349786
	csg_mem tag=forest_parsed src=105 arena=2259072 rss=581108744 live=2349786
	csg_mem tag=forest src=106 bytes=19779 rss=578847752 live=2349778
	csg_mem tag=forest_parse_begin pass=0 src=106 reserve=0 rss=578847752 live=2349799
	csg_mem tag=forest_parse_end pass=0 src=106 arena=751744 parse_ms=24 rss=579601416 live=2350762
	csg_mem tag=forest_parsed src=106 arena=751744 rss=579601416 live=2350762
	csg_mem tag=forest src=107 bytes=274 rss=578847752 live=2350751
	csg_mem tag=forest_parse_begin pass=0 src=107 reserve=0 rss=578847752 live=2350762
	csg_mem tag=forest_parse_end pass=0 src=107 arena=9376 parse_ms=0 rss=578847752 live=2350799
	csg_mem tag=forest_parsed src=107 arena=9376 rss=578847752 live=2350799
	csg_mem tag=forest src=108 bytes=131447 rss=578847752 live=2350786
	csg_mem tag=forest_parse_begin pass=0 src=108 reserve=0 rss=578962440 live=2350813
	csg_mem tag=forest_parse_end pass=0 src=108 arena=4836960 parse_ms=176 rss=583992328 live=2357287
	csg_mem tag=forest_parsed src=108 arena=4836960 rss=583992328 live=2357287
	csg_mem tag=forest src=109 bytes=204964 rss=579159048 live=2357281
	csg_mem tag=forest_parse_begin pass=0 src=109 reserve=0 rss=579503112 live=2357310
	csg_mem tag=forest_parse_end pass=0 src=109 arena=8810624 parse_ms=290 rss=588448776 live=2367369
	csg_mem tag=forest_parsed src=109 arena=8810624 rss=588448776 live=2367369
	csg_mem tag=forest src=110 bytes=26073 rss=579634184 live=2367377
	csg_mem tag=forest_parse_begin pass=0 src=110 reserve=0 rss=579699720 live=2367400
	csg_mem tag=forest_parse_end pass=0 src=110 arena=1108928 parse_ms=35 rss=580846600 live=2368785
	csg_mem tag=forest_parsed src=110 arena=1108928 rss=580846600 live=2368785
	csg_mem tag=forest src=111 bytes=52561 rss=579732488 live=2368773
	csg_mem tag=forest_parse_begin pass=0 src=111 reserve=0 rss=579781640 live=2368798
	csg_mem tag=forest_parse_end pass=0 src=111 arena=2303040 parse_ms=74 rss=582173704 live=2371798
	csg_mem tag=forest_parsed src=111 arena=2303040 rss=582173704 live=2371798
	csg_mem tag=forest src=112 bytes=54759 rss=579863560 live=2371788
	csg_mem tag=forest_parse_begin pass=0 src=112 reserve=0 rss=579879944 live=2371813
	csg_mem tag=forest_parse_end pass=0 src=112 arena=2325568 parse_ms=79 rss=582321160 live=2374876
	csg_mem tag=forest_parsed src=112 arena=2325568 rss=582321160 live=2374876
	csg_mem tag=forest src=113 bytes=22222 rss=579994632 live=2374872
	csg_mem tag=forest_parse_begin pass=0 src=113 reserve=0 rss=580011016 live=2374893
	csg_mem tag=forest_parse_end pass=0 src=113 arena=1006144 parse_ms=28 rss=581059592 live=2376438
	csg_mem tag=forest_parsed src=113 arena=1006144 rss=581059592 live=2376438
	csg_mem tag=forest src=114 bytes=396704 rss=580043784 live=2376425
	csg_mem tag=forest_parse_begin pass=0 src=114 reserve=0 rss=580338696 live=2376456
	csg_mem tag=forest_parse_end pass=0 src=114 arena=15681920 parse_ms=554 rss=596739080 live=2409248
	csg_mem tag=forest_parsed src=114 arena=15681920 rss=596739080 live=2409248
	csg_mem tag=forest src=115 bytes=5769 rss=580682760 live=2409237
	csg_mem tag=forest_parse_begin pass=0 src=115 reserve=0 rss=580682760 live=2409256
	csg_mem tag=forest_parse_end pass=0 src=115 arena=210208 parse_ms=7 rss=580912136 live=2409612
	csg_mem tag=forest_parsed src=115 arena=210208 rss=580912136 live=2409612
	csg_mem tag=forest src=116 bytes=3136 rss=580699144 live=2409600
	csg_mem tag=forest_parse_begin pass=0 src=116 reserve=0 rss=580715528 live=2409617
	csg_mem tag=forest_parse_end pass=0 src=116 arena=107776 parse_ms=3 rss=580715528 live=2409807
	csg_mem tag=forest_parsed src=116 arena=107776 rss=580715528 live=2409807
	csg_mem tag=forest src=117 bytes=281236 rss=580715528 live=2409795
	csg_mem tag=forest_parse_begin pass=0 src=117 reserve=0 rss=580862984 live=2409824
	csg_mem tag=forest_parse_end pass=0 src=117 arena=8623104 parse_ms=328 rss=589841416 live=2426742
	csg_mem tag=forest_parsed src=117 arena=8623104 rss=589841416 live=2426742
	csg_mem tag=forest src=118 bytes=36339 rss=580928520 live=2426733
	csg_mem tag=forest_parse_begin pass=0 src=118 reserve=0 rss=580928520 live=2426756
	csg_mem tag=forest_parse_end pass=0 src=118 arena=2203776 parse_ms=63 rss=583222280 live=2429504
	csg_mem tag=forest_parsed src=118 arena=2203776 rss=583222280 live=2429504
	csg_mem tag=forest src=119 bytes=66727 rss=581010440 live=2429491
	csg_mem tag=forest_parse_begin pass=0 src=119 reserve=0 rss=581059592 live=2429516
	csg_mem tag=forest_parse_end pass=0 src=119 arena=4554656 parse_ms=130 rss=585761800 live=2434362
	csg_mem tag=forest_parsed src=119 arena=4554656 rss=585761800 live=2434362
	csg_mem tag=forest src=120 bytes=19895 rss=581207048 live=2434354
	csg_mem tag=forest_parse_begin pass=0 src=120 reserve=0 rss=581207048 live=2434375
	csg_mem tag=forest_parse_end pass=0 src=120 arena=716672 parse_ms=22 rss=581960712 live=2435531
	csg_mem tag=forest_parsed src=120 arena=716672 rss=581960712 live=2435531
	csg_mem tag=forest src=121 bytes=104630 rss=581239816 live=2435519
	csg_mem tag=forest_parse_begin pass=0 src=121 reserve=0 rss=581272584 live=2435546
	csg_mem tag=forest_parse_end pass=0 src=121 arena=4230240 parse_ms=150 rss=585712648 live=2442965
	csg_mem tag=forest_parsed src=121 arena=4230240 rss=585712648 live=2442965
	csg_mem tag=forest src=122 bytes=21670 rss=581469192 live=2442957
	csg_mem tag=forest_parse_begin pass=0 src=122 reserve=0 rss=581551112 live=2442980
	csg_mem tag=forest_parse_end pass=0 src=122 arena=1157568 parse_ms=41 rss=582845448 live=2444444
	csg_mem tag=forest_parsed src=122 arena=1157568 rss=582845448 live=2444444
	csg_mem tag=forest src=123 bytes=41012 rss=581682184 live=2444432
	csg_mem tag=forest_parse_begin pass=0 src=123 reserve=0 rss=581813256 live=2444457
	csg_mem tag=forest_parse_end pass=0 src=123 arena=2319616 parse_ms=67 rss=584205320 live=2447266
	csg_mem tag=forest_parsed src=123 arena=2319616 rss=584205320 live=2447266
	csg_mem tag=forest src=124 bytes=602132 rss=581878792 live=2447254
	csg_mem tag=forest_parse_begin pass=0 src=124 reserve=0 rss=582353928 live=2447285
	csg_mem tag=forest_parse_end pass=0 src=124 arena=31473056 parse_ms=865 rss=612811808 live=2498238
	csg_mem tag=forest_parsed src=124 arena=31473056 rss=612811808 live=2498238
	csg_mem tag=forest src=125 bytes=2984 rss=583336968 live=2498274
	csg_mem tag=forest_parse_begin pass=0 src=125 reserve=0 rss=583336968 live=2498291
	csg_mem tag=forest_parse_end pass=0 src=125 arena=103360 parse_ms=3 rss=583336968 live=2498448
	csg_mem tag=forest_parsed src=125 arena=103360 rss=583336968 live=2498448
	csg_mem tag=forest src=126 bytes=6234 rss=583336968 live=2498436
	csg_mem tag=forest_parse_begin pass=0 src=126 reserve=0 rss=583336968 live=2498455
	csg_mem tag=forest_parse_end pass=0 src=126 arena=273504 parse_ms=8 rss=583615496 live=2498818
	csg_mem tag=forest_parsed src=126 arena=273504 rss=583615496 live=2498818
	csg_mem tag=forest src=127 bytes=36702 rss=583336968 live=2498805
	csg_mem tag=forest_parse_begin pass=0 src=127 reserve=0 rss=583369736 live=2498828
	csg_mem tag=forest_parse_end pass=0 src=127 arena=1143488 parse_ms=43 rss=584533000 live=2500588
	csg_mem tag=forest_parsed src=127 arena=1143488 rss=584533000 live=2500588
	csg_mem tag=forest src=128 bytes=49364 rss=583386120 live=2500577
	csg_mem tag=forest_parse_begin pass=0 src=128 reserve=0 rss=583386120 live=2500602
	csg_mem tag=forest_parse_end pass=0 src=128 arena=2322624 parse_ms=80 rss=585729032 live=2503885
	csg_mem tag=forest_parsed src=128 arena=2322624 rss=585729032 live=2503885
	csg_mem tag=forest src=129 bytes=42894 rss=583402504 live=2503893
	csg_mem tag=forest_parse_begin pass=0 src=129 reserve=0 rss=583402504 live=2503916
	csg_mem tag=forest_parse_end pass=0 src=129 arena=2289440 parse_ms=67 rss=585745416 live=2506012
	csg_mem tag=forest_parsed src=129 arena=2289440 rss=585745416 live=2506012
	csg_mem tag=forest src=130 bytes=32186 rss=583451656 live=2506008
	csg_mem tag=forest_parse_begin pass=0 src=130 reserve=0 rss=583451656 live=2506031
	csg_mem tag=forest_parse_end pass=0 src=130 arena=1998304 parse_ms=48 rss=585532424 live=2508081
	csg_mem tag=forest_parsed src=130 arena=1998304 rss=585532424 live=2508081
	csg_mem tag=forest src=131 bytes=34873 rss=583549960 live=2508069
	csg_mem tag=forest_parse_begin pass=0 src=131 reserve=0 rss=583549960 live=2508092
	csg_mem tag=forest_parse_end pass=0 src=131 arena=1627616 parse_ms=49 rss=585270280 live=2510185
	csg_mem tag=forest_parsed src=131 arena=1627616 rss=585270280 live=2510185
	csg_mem tag=forest src=132 bytes=1849137 rss=583631880 live=2510178
	csg_mem tag=forest_parse_begin pass=0 src=132 reserve=0 rss=586204168 live=2510213
	csg_mem tag=forest_parse_end pass=0 src=132 arena=72458048 parse_ms=2949 rss=662520912 live=2612079
	csg_mem tag=forest_parsed src=132 arena=72458048 rss=662520912 live=2612079
	csg_mem tag=forest src=133 bytes=41896 rss=589054984 live=2612127
	csg_mem tag=forest_parse_begin pass=0 src=133 reserve=0 rss=589120520 live=2612150
	csg_mem tag=forest_parse_end pass=0 src=133 arena=1945568 parse_ms=525 rss=624788488 live=2614760
	csg_mem tag=forest_parsed src=133 arena=1945568 rss=624788488 live=2614760
	csg_mem tag=forest src=134 bytes=3547054 rss=622838792 live=2614748
	csg_mem tag=forest_parse_begin pass=0 src=134 reserve=0 rss=627082248 live=2614785
	csg_mem tag=forest_parse_end pass=0 src=134 arena=140603200 parse_ms=7079 rss=774095976 live=2802390
	csg_mem tag=forest_parsed src=134 arena=140603200 rss=774095976 live=2802390
	csg_mem tag=forest src=135 bytes=134144 rss=629507080 live=2802468
	csg_mem tag=forest_parse_begin pass=0 src=135 reserve=0 rss=629556232 live=2802495
	csg_mem tag=forest_parse_end pass=0 src=135 arena=7742336 parse_ms=192 rss=636912648 live=2811561
	csg_mem tag=forest_parsed src=135 arena=7742336 rss=636912648 live=2811561
	csg_mem tag=forest src=136 bytes=585065 rss=629687304 live=2811553
	csg_mem tag=forest_parse_begin pass=0 src=136 reserve=0 rss=629949448 live=2811584
	csg_mem tag=forest_parse_end pass=0 src=136 arena=18504672 parse_ms=1183 rss=648954912 live=2842221
	csg_mem tag=forest_parsed src=136 arena=18504672 rss=648954912 live=2842221
	csg_mem tag=forest src=137 bytes=17351 rss=629949448 live=2842220
	csg_mem tag=forest_parse_begin pass=0 src=137 reserve=0 rss=629949448 live=2842241
	csg_mem tag=forest_parse_end pass=0 src=137 arena=1150240 parse_ms=36 rss=631096328 live=2843410
	csg_mem tag=forest_parsed src=137 arena=1150240 rss=631112712 live=2843410
	csg_mem tag=forest src=138 bytes=2319 rss=629965832 live=2843400
	csg_mem tag=forest_parse_begin pass=0 src=138 reserve=0 rss=629965832 live=2843415
	csg_mem tag=forest_parse_end pass=0 src=138 arena=86880 parse_ms=3 rss=629965832 live=2843524
	csg_mem tag=forest_parsed src=138 arena=86880 rss=629965832 live=2843524
	csg_mem tag=forest src=139 bytes=1697 rss=629982216 live=2843512
	csg_mem tag=forest_parse_begin pass=0 src=139 reserve=0 rss=629982216 live=2843527
	csg_mem tag=forest_parse_end pass=0 src=139 arena=57504 parse_ms=2 rss=629982216 live=2843627
	csg_mem tag=forest_parsed src=139 arena=57504 rss=629982216 live=2843627
	csg_mem tag=forest src=140 bytes=1202 rss=629982216 live=2843616
	csg_mem tag=forest_parse_begin pass=0 src=140 reserve=0 rss=629982216 live=2843631
	csg_mem tag=forest_parse_end pass=0 src=140 arena=52704 parse_ms=1 rss=629982216 live=2843711
	csg_mem tag=forest_parsed src=140 arena=52704 rss=629982216 live=2843711
	csg_mem tag=forest src=141 bytes=5427 rss=629982216 live=2843698
	csg_mem tag=forest_parse_begin pass=0 src=141 reserve=0 rss=629982216 live=2843717
	csg_mem tag=forest_parse_end pass=0 src=141 arena=286656 parse_ms=9 rss=630293512 live=2844131
	csg_mem tag=forest_parsed src=141 arena=286656 rss=630293512 live=2844131
	csg_mem tag=forest src=142 bytes=53259 rss=629998600 live=2844117
	csg_mem tag=forest_parse_begin pass=0 src=142 reserve=0 rss=630031368 live=2844142
	csg_mem tag=forest_parse_end pass=0 src=142 arena=2501696 parse_ms=95 rss=632538120 live=2853733
	csg_mem tag=forest_parsed src=142 arena=2501696 rss=632538120 live=2853733
	csg_mem tag=forest src=143 bytes=4821 rss=630031368 live=2853725
	csg_mem tag=forest_parse_begin pass=0 src=143 reserve=0 rss=630031368 live=2853744
	csg_mem tag=forest_parse_end pass=0 src=143 arena=276512 parse_ms=8 rss=630326280 live=2854023
	csg_mem tag=forest_parsed src=143 arena=276512 rss=630326280 live=2854023
	csg_mem tag=forest src=144 bytes=684 rss=630047752 live=2854011
	csg_mem tag=forest_parse_begin pass=0 src=144 reserve=0 rss=630047752 live=2854024
	csg_mem tag=forest_parse_end pass=0 src=144 arena=23264 parse_ms=0 rss=630047752 live=2854053
	csg_mem tag=forest_parsed src=144 arena=23264 rss=630047752 live=2854053
	csg_mem tag=forest src=145 bytes=706 rss=630047752 live=2854039
	csg_mem tag=forest_parse_begin pass=0 src=145 reserve=0 rss=630047752 live=2854052
	csg_mem tag=forest_parse_end pass=0 src=145 arena=23712 parse_ms=0 rss=630047752 live=2854104
	csg_mem tag=forest_parsed src=145 arena=23712 rss=630047752 live=2854104
	csg_mem tag=forest src=146 bytes=7097 rss=630047752 live=2854090
	csg_mem tag=forest_parse_begin pass=0 src=146 reserve=0 rss=630064136 live=2854109
	csg_mem tag=forest_parse_end pass=0 src=146 arena=392384 parse_ms=12 rss=630490120 live=2854509
	csg_mem tag=forest_parsed src=146 arena=392384 rss=630490120 live=2854509
	csg_mem tag=forest src=147 bytes=8518 rss=630096904 live=2854496
	csg_mem tag=forest_parse_begin pass=0 src=147 reserve=0 rss=630096904 live=2854515
	csg_mem tag=forest_parse_end pass=0 src=147 arena=486368 parse_ms=13 rss=630588424 live=2855054
	csg_mem tag=forest_parsed src=147 arena=486368 rss=630588424 live=2855054
	csg_mem tag=forest src=148 bytes=171411 rss=630096904 live=2855041
	csg_mem tag=forest_parse_begin pass=0 src=148 reserve=0 rss=630146056 live=2855068
	csg_mem tag=forest_parse_end pass=0 src=148 arena=8065696 parse_ms=233 rss=637699080 live=2873772
	csg_mem tag=forest_parsed src=148 arena=8065696 rss=637715464 live=2873772
	csg_mem tag=forest src=149 bytes=49447 rss=630162440 live=2873770
	csg_mem tag=forest_parse_begin pass=0 src=149 reserve=0 rss=630162440 live=2873795
	csg_mem tag=forest_parse_end pass=0 src=149 arena=2203968 parse_ms=584 rss=632439816 live=2876132
	csg_mem tag=forest_parsed src=149 arena=2203968 rss=632439816 live=2876132
	csg_mem tag=forest src=150 bytes=15928 rss=630227976 live=2876122
	csg_mem tag=forest_parse_begin pass=0 src=150 reserve=0 rss=630227976 live=2876143
	csg_mem tag=forest_parse_end pass=0 src=150 arena=759776 parse_ms=23 rss=631047176 live=2877091
	csg_mem tag=forest_parsed src=150 arena=759776 rss=631047176 live=2877091
	csg_mem tag=forest src=151 bytes=1861 rss=630277128 live=2877078
	csg_mem tag=forest_parse_begin pass=0 src=151 reserve=0 rss=630277128 live=2877093
	csg_mem tag=forest_parse_end pass=0 src=151 arena=86688 parse_ms=3 rss=630277128 live=2877222
	csg_mem tag=forest_parsed src=151 arena=86688 rss=630277128 live=2877222
	csg_mem tag=forest src=152 bytes=1128 rss=630277128 live=2877209
	csg_mem tag=forest_parse_begin pass=0 src=152 reserve=0 rss=630277128 live=2877222
	csg_mem tag=forest_parse_end pass=0 src=152 arena=66048 parse_ms=2 rss=630375432 live=2877320
	csg_mem tag=forest_parsed src=152 arena=66048 rss=630375432 live=2877320
	csg_mem tag=forest src=153 bytes=1513 rss=630375432 live=2877306
	csg_mem tag=forest_parse_begin pass=0 src=153 reserve=0 rss=630375432 live=2877321
	csg_mem tag=forest_parse_end pass=0 src=153 arena=54048 parse_ms=2 rss=630457352 live=2877460
	csg_mem tag=forest_parsed src=153 arena=54048 rss=630457352 live=2877460
	csg_mem tag=forest src=154 bytes=463934 rss=630473736 live=2877446
	csg_mem tag=forest_parse_begin pass=0 src=154 reserve=0 rss=630883336 live=2877477
	csg_mem tag=forest_parse_end pass=0 src=154 arena=18512992 parse_ms=1701 rss=649806880 live=2899470
	csg_mem tag=forest_parsed src=154 arena=18512992 rss=649806880 live=2899470
	csg_mem tag=forest src=155 bytes=13647 rss=630948872 live=2899473
	csg_mem tag=forest_parse_begin pass=0 src=155 reserve=0 rss=630965256 live=2899492
	csg_mem tag=forest_parse_end pass=0 src=155 arena=538080 parse_ms=19 rss=631538696 live=2900063
	csg_mem tag=forest_parsed src=155 arena=538080 rss=631538696 live=2900063
	csg_mem tag=forest src=156 bytes=38093 rss=630998024 live=2900049
	csg_mem tag=forest_parse_begin pass=0 src=156 reserve=0 rss=631047176 live=2900074
	csg_mem tag=forest_parse_end pass=0 src=156 arena=2014496 parse_ms=57 rss=633078792 live=2902223
	csg_mem tag=forest_parsed src=156 arena=2014496 rss=633078792 live=2902223
	csg_mem tag=forest src=157 bytes=11977 rss=631063560 live=2902210
	csg_mem tag=forest_parse_begin pass=0 src=157 reserve=0 rss=631063560 live=2902231
	csg_mem tag=forest_parse_end pass=0 src=157 arena=579104 parse_ms=20 rss=631669768 live=2902983
	csg_mem tag=forest_parsed src=157 arena=579104 rss=631669768 live=2902983
	csg_mem tag=forest src=158 bytes=2175393 rss=631079944 live=2902970
	csg_mem tag=forest_parse_begin pass=0 src=158 reserve=0 rss=700761144 live=2903005
