	csg_mem tag=import_edges_resolved rss=308626248 live=876784
	csg_mem tag=metadata_contexts_built rss=563741632 live=1487155
	csg_mem tag=forest_build_start mode=reparse rss=569918400 live=1496165
	csg_mem tag=forest src=0 bytes=6917 rss=569918400 live=1496167
	csg_mem tag=forest_parse_begin pass=0 src=0 reserve=0 rss=569934784 live=1496186
	csg_mem tag=forest_parse_end pass=0 src=0 arena=267456 parse_ms=9 rss=570426304 live=1496678
	csg_mem tag=forest_parsed src=0 arena=267456 rss=570426304 live=1496678
	csg_mem tag=forest src=1 bytes=9952 rss=570147776 live=1496705
	csg_mem tag=forest_parse_begin pass=0 src=1 reserve=0 rss=570180544 live=1496726
	csg_mem tag=forest_parse_end pass=0 src=1 arena=524864 parse_ms=17 rss=570934208 live=1497799
	csg_mem tag=forest_parsed src=1 arena=524864 rss=570934208 live=1497799
	csg_mem tag=forest src=2 bytes=817253 rss=570409920 live=1497802
	csg_mem tag=forest_parse_begin pass=0 src=2 reserve=0 rss=574604224 live=1497835
	csg_mem tag=forest_parse_end pass=0 src=2 arena=33621568 parse_ms=1049 rss=610960344 live=1541629
	csg_mem tag=forest_parsed src=2 arena=33621568 rss=610960344 live=1541629
	csg_mem tag=forest src=3 bytes=94454 rss=576521152 live=1541637
	csg_mem tag=forest_parse_begin pass=0 src=3 reserve=0 rss=576537536 live=1541662
	csg_mem tag=forest_parse_end pass=0 src=3 arena=2923808 parse_ms=91 rss=579945408 live=1545516
	csg_mem tag=forest_parsed src=3 arena=2923808 rss=579945408 live=1545516
	csg_mem tag=forest src=4 bytes=59923 rss=577012672 live=1545503
	csg_mem tag=forest_parse_begin pass=0 src=4 reserve=0 rss=577061824 live=1545528
	csg_mem tag=forest_parse_end pass=0 src=4 arena=2089344 parse_ms=59 rss=579568576 live=1548127
	csg_mem tag=forest_parsed src=4 arena=2089344 rss=579568576 live=1548127
	csg_mem tag=forest src=5 bytes=136118 rss=577471424 live=1548123
	csg_mem tag=forest_parse_begin pass=0 src=5 reserve=0 rss=577766336 live=1548150
	csg_mem tag=forest_parse_end pass=0 src=5 arena=4658880 parse_ms=162 rss=583435224 live=1554681
	csg_mem tag=forest_parsed src=5 arena=4658880 rss=583435224 live=1554681
	csg_mem tag=forest src=6 bytes=164754 rss=578765760 live=1554671
	csg_mem tag=forest_parse_begin pass=0 src=6 reserve=0 rss=579027904 live=1554698
	csg_mem tag=forest_parse_end pass=0 src=6 arena=7788096 parse_ms=183 rss=587088856 live=1561951
	csg_mem tag=forest_parsed src=6 arena=7788096 rss=587088856 live=1561951
	csg_mem tag=forest src=7 bytes=126542 rss=580240320 live=1561937
	csg_mem tag=forest_parse_begin pass=0 src=7 reserve=0 rss=580682688 live=1561964
	csg_mem tag=forest_parse_end pass=0 src=7 arena=4544352 parse_ms=151 rss=585925592 live=1568722
	csg_mem tag=forest_parsed src=7 arena=4544352 rss=585925592 live=1568722
	csg_mem tag=forest src=8 bytes=108814 rss=581354432 live=1568712
	csg_mem tag=forest_parse_begin pass=0 src=8 reserve=0 rss=581714880 live=1568739
	csg_mem tag=forest_parse_end pass=0 src=8 arena=4364704 parse_ms=145 rss=586744792 live=1574866
	csg_mem tag=forest_parsed src=8 arena=4364704 rss=586744792 live=1574866
	csg_mem tag=forest src=9 bytes=95566 rss=582370240 live=1574866
	csg_mem tag=forest_parse_begin pass=0 src=9 reserve=0 rss=582468544 live=1574891
	csg_mem tag=forest_parse_end pass=0 src=9 arena=3957344 parse_ms=108 rss=586712000 live=1579593
	csg_mem tag=forest_parsed src=9 arena=3957344 rss=586712000 live=1579593
	csg_mem tag=forest src=10 bytes=263042 rss=582747072 live=1579580
	csg_mem tag=forest_parse_begin pass=0 src=10 reserve=0 rss=583041984 live=1579609
	csg_mem tag=forest_parse_end pass=0 src=10 arena=9308576 parse_ms=335 rss=592741336 live=1594240
	csg_mem tag=forest_parsed src=10 arena=9308576 rss=592741336 live=1594240
	csg_mem tag=forest src=11 bytes=30477 rss=583189440 live=1594261
	csg_mem tag=forest_parse_begin pass=0 src=11 reserve=0 rss=583205824 live=1594284
	csg_mem tag=forest_parse_end pass=0 src=11 arena=2263584 parse_ms=65 rss=585597888 live=1598153
	csg_mem tag=forest_parsed src=11 arena=2263584 rss=585597888 live=1598153
	csg_mem tag=forest src=12 bytes=14125 rss=583320512 live=1598139
	csg_mem tag=forest_parse_begin pass=0 src=12 reserve=0 rss=583336896 live=1598160
	csg_mem tag=forest_parse_end pass=0 src=12 arena=492448 parse_ms=17 rss=583861184 live=1598982
	csg_mem tag=forest_parsed src=12 arena=492448 rss=583861184 live=1598982
	csg_mem tag=forest src=13 bytes=11234 rss=583353280 live=1598968
	csg_mem tag=forest_parse_begin pass=0 src=13 reserve=0 rss=583353280 live=1598987
	csg_mem tag=forest_parse_end pass=0 src=13 arena=574720 parse_ms=20 rss=584172480 live=1599841
	csg_mem tag=forest_parsed src=13 arena=574720 rss=584172480 live=1599841
	csg_mem tag=forest src=14 bytes=520230 rss=583582656 live=1599827
	csg_mem tag=forest_parse_begin pass=0 src=14 reserve=0 rss=583877592 live=1599858
	csg_mem tag=forest_parse_end pass=0 src=14 arena=42641152 parse_ms=1076 rss=627393544 live=1639399
	csg_mem tag=forest_parsed src=14 arena=42641152 rss=627393544 live=1639399
	csg_mem tag=forest src=15 bytes=1152 rss=584680408 live=1639385
	csg_mem tag=forest_parse_begin pass=0 src=15 reserve=0 rss=584680408 live=1639398
	csg_mem tag=forest_parse_end pass=0 src=15 arena=20544 parse_ms=0 rss=584680408 live=1639430
	csg_mem tag=forest_parsed src=15 arena=20544 rss=584680408 live=1639430
	csg_mem tag=forest src=16 bytes=99475 rss=584680408 live=1639416
	csg_mem tag=forest_parse_begin pass=0 src=16 reserve=0 rss=584745944 live=1639441
	csg_mem tag=forest_parse_end pass=0 src=16 arena=3434720 parse_ms=98 rss=588317656 live=1645423
	csg_mem tag=forest_parsed src=16 arena=3434720 rss=588317656 live=1645423
	csg_mem tag=forest src=17 bytes=1232 rss=584877016 live=1645429
	csg_mem tag=forest_parse_begin pass=0 src=17 reserve=0 rss=584877016 live=1645442
	csg_mem tag=forest_parse_end pass=0 src=17 arena=9408 parse_ms=0 rss=584877016 live=1645473
	csg_mem tag=forest_parsed src=17 arena=9408 rss=584877016 live=1645473
	csg_mem tag=forest src=18 bytes=1854 rss=584877016 live=1645459
	csg_mem tag=forest_parse_begin pass=0 src=18 reserve=0 rss=584877016 live=1645472
	csg_mem tag=forest_parse_end pass=0 src=18 arena=11776 parse_ms=0 rss=584877016 live=1645513
	csg_mem tag=forest_parsed src=18 arena=11776 rss=584877016 live=1645513
	csg_mem tag=forest src=19 bytes=3277 rss=584877016 live=1645499
	csg_mem tag=forest_parse_begin pass=0 src=19 reserve=0 rss=584877016 live=1645514
	csg_mem tag=forest_parse_end pass=0 src=19 arena=82848 parse_ms=2 rss=585024472 live=1645697
	csg_mem tag=forest_parsed src=19 arena=82848 rss=585024472 live=1645697
	csg_mem tag=forest src=20 bytes=7479 rss=585024472 live=1645683
	csg_mem tag=forest_parse_begin pass=0 src=20 reserve=0 rss=585040856 live=1645702
	csg_mem tag=forest_parse_end pass=0 src=20 arena=282240 parse_ms=9 rss=585352152 live=1646134
	csg_mem tag=forest_parsed src=20 arena=282240 rss=585352152 live=1646134
	csg_mem tag=forest src=21 bytes=3268 rss=585057240 live=1646120
	csg_mem tag=forest_parse_begin pass=0 src=21 reserve=0 rss=585057240 live=1646137
	csg_mem tag=forest_parse_end pass=0 src=21 arena=84416 parse_ms=2 rss=585057240 live=1646226
	csg_mem tag=forest_parsed src=21 arena=84416 rss=585057240 live=1646226
	csg_mem tag=forest src=22 bytes=89269 rss=585057240 live=1646212
	csg_mem tag=forest_parse_begin pass=0 src=22 reserve=0 rss=585139160 live=1646239
	csg_mem tag=forest_parse_end pass=0 src=22 arena=4664544 parse_ms=179 rss=590070768 live=1654114
	csg_mem tag=forest_parsed src=22 arena=4664544 rss=590070768 live=1654114
	csg_mem tag=forest src=23 bytes=25398 rss=585417688 live=1654106
	csg_mem tag=forest_parse_begin pass=0 src=23 reserve=0 rss=585417688 live=1654129
	csg_mem tag=forest_parse_end pass=0 src=23 arena=2018560 parse_ms=54 rss=587465688 live=1657004
	csg_mem tag=forest_parsed src=23 arena=2018560 rss=587465688 live=1657004
	csg_mem tag=forest src=24 bytes=36083 rss=585434072 live=1656991
	csg_mem tag=forest_parse_begin pass=0 src=24 reserve=0 rss=585450456 live=1657014
	csg_mem tag=forest_parse_end pass=0 src=24 arena=1539552 parse_ms=48 rss=587105240 live=1659727
	csg_mem tag=forest_parsed src=24 arena=1539552 rss=587105240 live=1659727
	csg_mem tag=forest src=25 bytes=29310 rss=585565144 live=1659728
	csg_mem tag=forest_parse_begin pass=0 src=25 reserve=0 rss=585581528 live=1659751
	csg_mem tag=forest_parse_end pass=0 src=25 arena=1136928 parse_ms=44 rss=586925016 live=1661033
	csg_mem tag=forest_parsed src=25 arena=1136928 rss=586925016 live=1661033
	csg_mem tag=forest src=26 bytes=21459 rss=585778136 live=1661019
	csg_mem tag=forest_parse_begin pass=0 src=26 reserve=0 rss=585810904 live=1661040
	csg_mem tag=forest_parse_end pass=0 src=26 arena=1099968 parse_ms=36 rss=586974168 live=1662137
	csg_mem tag=forest_parsed src=26 arena=1099968 rss=586974168 live=1662137
	csg_mem tag=forest src=27 bytes=1082 rss=585860056 live=1662123
	csg_mem tag=forest_parse_begin pass=0 src=27 reserve=0 rss=585860056 live=1662136
	csg_mem tag=forest_parse_end pass=0 src=27 arena=64576 parse_ms=2 rss=585860056 live=1662202
	csg_mem tag=forest_parsed src=27 arena=64576 rss=585860056 live=1662202
	csg_mem tag=forest src=28 bytes=5750 rss=585860056 live=1662188
	csg_mem tag=forest_parse_begin pass=0 src=28 reserve=0 rss=585876440 live=1662207
	csg_mem tag=forest_parse_end pass=0 src=28 arena=260320 parse_ms=8 rss=586318808 live=1662714
	csg_mem tag=forest_parsed src=28 arena=260320 rss=586318808 live=1662714
	csg_mem tag=forest src=29 bytes=59609 rss=586056664 live=1662701
	csg_mem tag=forest_parse_begin pass=0 src=29 reserve=0 rss=586073048 live=1662726
	csg_mem tag=forest_parse_end pass=0 src=29 arena=3234976 parse_ms=81 rss=589595608 live=1666542
	csg_mem tag=forest_parsed src=29 arena=3234976 rss=589595608 live=1666542
	csg_mem tag=forest src=30 bytes=50794 rss=586351576 live=1666532
	csg_mem tag=forest_parse_begin pass=0 src=30 reserve=0 rss=586367960 live=1666557
	csg_mem tag=forest_parse_end pass=0 src=30 arena=2238272 parse_ms=76 rss=588776408 live=1670296
	csg_mem tag=forest_parsed src=30 arena=2238272 rss=588776408 live=1670296
	csg_mem tag=forest src=31 bytes=52710 rss=586531800 live=1670290
	csg_mem tag=forest_parse_begin pass=0 src=31 reserve=0 rss=586564568 live=1670315
	csg_mem tag=forest_parse_end pass=0 src=31 arena=2247424 parse_ms=74 rss=589120472 live=1673423
	csg_mem tag=forest_parsed src=31 arena=2247424 rss=589120472 live=1673423
	csg_mem tag=forest src=32 bytes=2252 rss=586859480 live=1673411
	csg_mem tag=forest_parse_begin pass=0 src=32 reserve=0 rss=586859480 live=1673426
	csg_mem tag=forest_parse_end pass=0 src=32 arena=95584 parse_ms=2 rss=586990552 live=1673574
	csg_mem tag=forest_parsed src=32 arena=95584 rss=586990552 live=1673574
	csg_mem tag=forest src=33 bytes=48367 rss=586990552 live=1673571
	csg_mem tag=forest_parse_begin pass=0 src=33 reserve=0 rss=587088856 live=1673594
	csg_mem tag=forest_parse_end pass=0 src=33 arena=1983616 parse_ms=62 rss=589497304 live=1676787
	csg_mem tag=forest_parsed src=33 arena=1983616 rss=589497304 live=1676787
	csg_mem tag=forest src=34 bytes=16779 rss=587531224 live=1676776
	csg_mem tag=forest_parse_begin pass=0 src=34 reserve=0 rss=587596760 live=1676797
	csg_mem tag=forest_parse_end pass=0 src=34 arena=1070528 parse_ms=29 rss=588940248 live=1678004
	csg_mem tag=forest_parsed src=34 arena=1070528 rss=588940248 live=1678004
	csg_mem tag=forest src=35 bytes=241090 rss=587875288 live=1677999
	csg_mem tag=forest_parse_begin pass=0 src=35 reserve=0 rss=588399576 live=1678028
	csg_mem tag=forest_parse_end pass=0 src=35 arena=9242720 parse_ms=397 rss=598377456 live=1690164
	csg_mem tag=forest_parsed src=35 arena=9242720 rss=598377456 live=1690164
	csg_mem tag=forest src=36 bytes=21751 rss=589169624 live=1690151
	csg_mem tag=forest_parse_begin pass=0 src=36 reserve=0 rss=589186008 live=1690174
	csg_mem tag=forest_parse_end pass=0 src=36 arena=1131168 parse_ms=33 rss=590382040 live=1691415
	csg_mem tag=forest_parsed src=36 arena=1131168 rss=590382040 live=1691415
	csg_mem tag=forest src=37 bytes=91449 rss=589251544 live=1691404
	csg_mem tag=forest_parse_begin pass=0 src=37 reserve=0 rss=589284312 live=1691431
	csg_mem tag=forest_parse_end pass=0 src=37 arena=7943136 parse_ms=208 rss=596870128 live=1701219
	csg_mem tag=forest_parsed src=37 arena=7943136 rss=596870128 live=1701219
	csg_mem tag=forest src=38 bytes=22555 rss=589415384 live=1701211
	csg_mem tag=forest_parse_begin pass=0 src=38 reserve=0 rss=589415384 live=1701234
	csg_mem tag=forest_parse_end pass=0 src=38 arena=1179904 parse_ms=46 rss=590775256 live=1703947
	csg_mem tag=forest_parsed src=38 arena=1179904 rss=590775256 live=1703947
	csg_mem tag=forest src=39 bytes=16869 rss=589579224 live=1703934
	csg_mem tag=forest_parse_begin pass=0 src=39 reserve=0 rss=589595608 live=1703955
	csg_mem tag=forest_parse_end pass=0 src=39 arena=1112096 parse_ms=35 rss=590758872 live=1706052
	csg_mem tag=forest_parsed src=39 arena=1112096 rss=590758872 live=1706052
	csg_mem tag=forest src=40 bytes=42339 rss=589644760 live=1706039
	csg_mem tag=forest_parse_begin pass=0 src=40 reserve=0 rss=589710296 live=1706062
	csg_mem tag=forest_parse_end pass=0 src=40 arena=3115232 parse_ms=104 rss=592987096 live=1711298
	csg_mem tag=forest_parsed src=40 arena=3115232 rss=592987096 live=1711298
	csg_mem tag=forest src=41 bytes=16263 rss=589874136 live=1711289
	csg_mem tag=forest_parse_begin pass=0 src=41 reserve=0 rss=589874136 live=1711310
	csg_mem tag=forest_parse_end pass=0 src=41 arena=1044768 parse_ms=33 rss=591021016 live=1713511
	csg_mem tag=forest_parsed src=41 arena=1044768 rss=591021016 live=1713511
	csg_mem tag=forest src=42 bytes=14980 rss=589972440 live=1713498
	csg_mem tag=forest_parse_begin pass=0 src=42 reserve=0 rss=590021592 live=1713519
	csg_mem tag=forest_parse_end pass=0 src=42 arena=1044640 parse_ms=32 rss=591102936 live=1715574
	csg_mem tag=forest_parsed src=42 arena=1044640 rss=591102936 live=1715574
	csg_mem tag=forest src=43 bytes=1470 rss=590054360 live=1715561
	csg_mem tag=forest_parse_begin pass=0 src=43 reserve=0 rss=590054360 live=1715576
	csg_mem tag=forest_parse_end pass=0 src=43 arena=68320 parse_ms=2 rss=590070744 live=1715667
	csg_mem tag=forest_parsed src=43 arena=68320 rss=590070744 live=1715667
	csg_mem tag=forest src=44 bytes=45177 rss=590070744 live=1715653
	csg_mem tag=forest_parse_begin pass=0 src=44 reserve=0 rss=590136280 live=1715678
	csg_mem tag=forest_parse_end pass=0 src=44 arena=2183520 parse_ms=67 rss=592446424 live=1718276
	csg_mem tag=forest_parsed src=44 arena=2183520 rss=592446424 live=1718276
	csg_mem tag=forest src=45 bytes=3258 rss=590250968 live=1718264
	csg_mem tag=forest_parse_begin pass=0 src=45 reserve=0 rss=590250968 live=1718281
	csg_mem tag=forest_parse_end pass=0 src=45 arena=205280 parse_ms=7 rss=590463960 live=1718493
	csg_mem tag=forest_parsed src=45 arena=205280 rss=590463960 live=1718493
	csg_mem tag=forest src=46 bytes=1452 rss=590250968 live=1718479
	csg_mem tag=forest_parse_begin pass=0 src=46 reserve=0 rss=590250968 live=1718494
	csg_mem tag=forest_parse_end pass=0 src=46 arena=42336 parse_ms=1 rss=590332888 live=1718598
	csg_mem tag=forest_parsed src=46 arena=42336 rss=590332888 live=1718598
	csg_mem tag=forest src=47 bytes=1498710 rss=590332888 live=1718584
	csg_mem tag=forest_parse_begin pass=0 src=47 reserve=0 rss=593462232 live=1718617
	csg_mem tag=forest_parse_end pass=0 src=47 arena=63019392 parse_ms=2012 rss=652968968 live=1786784
	csg_mem tag=forest_parsed src=47 arena=63019392 rss=652968968 live=1786784
	csg_mem tag=forest src=48 bytes=15407 rss=594740184 live=1786830
	csg_mem tag=forest_parse_begin pass=0 src=48 reserve=0 rss=594740184 live=1786851
	csg_mem tag=forest_parse_end pass=0 src=48 arena=978976 parse_ms=23 rss=595772376 live=1787761
	csg_mem tag=forest_parsed src=48 arena=978976 rss=595772376 live=1787761
	csg_mem tag=forest src=49 bytes=36412 rss=594789336 live=1787748
	csg_mem tag=forest_parse_begin pass=0 src=49 reserve=0 rss=594805720 live=1787771
	csg_mem tag=forest_parse_end pass=0 src=49 arena=2226944 parse_ms=77 rss=597165016 live=1791632
	csg_mem tag=forest_parsed src=49 arena=2226944 rss=597165016 live=1791632
	csg_mem tag=forest src=50 bytes=212055 rss=594936792 live=1791619
	csg_mem tag=forest_parse_begin pass=0 src=50 reserve=0 rss=595117016 live=1791646
	csg_mem tag=forest_parse_end pass=0 src=50 arena=9190592 parse_ms=361 rss=605258736 live=1806125
	csg_mem tag=forest_parsed src=50 arena=9190592 rss=605258736 live=1806125
	csg_mem tag=forest src=51 bytes=714 rss=596100056 live=1806123
	csg_mem tag=forest_parse_begin pass=0 src=51 reserve=0 rss=596116440 live=1806136
	csg_mem tag=forest_parse_end pass=0 src=51 arena=37568 parse_ms=1 rss=596116440 live=1806196
	csg_mem tag=forest_parsed src=51 arena=37568 rss=596116440 live=1806196
	csg_mem tag=forest src=52 bytes=15736 rss=596116440 live=1806182
	csg_mem tag=forest_parse_begin pass=0 src=52 reserve=0 rss=596149208 live=1806203
	csg_mem tag=forest_parse_end pass=0 src=52 arena=565856 parse_ms=20 rss=596771800 live=1807074
	csg_mem tag=forest_parsed src=52 arena=565856 rss=596771800 live=1807074
	csg_mem tag=forest src=53 bytes=15907 rss=596198360 live=1807060
	csg_mem tag=forest_parse_begin pass=0 src=53 reserve=0 rss=596214744 live=1807081
	csg_mem tag=forest_parse_end pass=0 src=53 arena=748160 parse_ms=23 rss=596984792 live=1808142
	csg_mem tag=forest_parsed src=53 arena=748160 rss=596984792 live=1808142
	csg_mem tag=forest src=54 bytes=18039 rss=596231128 live=1808131
	csg_mem tag=forest_parse_begin pass=0 src=54 reserve=0 rss=596247512 live=1808152
	csg_mem tag=forest_parse_end pass=0 src=54 arena=972064 parse_ms=25 rss=597230552 live=1809092
	csg_mem tag=forest_parsed src=54 arena=972064 rss=597230552 live=1809092
	csg_mem tag=forest src=55 bytes=7239 rss=596247512 live=1809080
	csg_mem tag=forest_parse_begin pass=0 src=55 reserve=0 rss=596263896 live=1809099
	csg_mem tag=forest_parse_end pass=0 src=55 arena=562848 parse_ms=17 rss=596853720 live=1809727
	csg_mem tag=forest_parsed src=55 arena=562848 rss=596853720 live=1809727
	csg_mem tag=forest src=56 bytes=11717 rss=596280280 live=1809714
	csg_mem tag=forest_parse_begin pass=0 src=56 reserve=0 rss=596280280 live=1809735
	csg_mem tag=forest_parse_end pass=0 src=56 arena=540640 parse_ms=17 rss=596853720 live=1810542
	csg_mem tag=forest_parsed src=56 arena=540640 rss=596853720 live=1810542
	csg_mem tag=forest src=57 bytes=2498 rss=596313048 live=1810530
	csg_mem tag=forest_parse_begin pass=0 src=57 reserve=0 rss=596329432 live=1810547
	csg_mem tag=forest_parse_end pass=0 src=57 arena=108032 parse_ms=3 rss=596329432 live=1810695
	csg_mem tag=forest_parsed src=57 arena=108032 rss=596329432 live=1810695
	csg_mem tag=forest src=58 bytes=9947 rss=596329432 live=1810684
	csg_mem tag=forest_parse_begin pass=0 src=58 reserve=0 rss=596345816 live=1810705
	csg_mem tag=forest_parse_end pass=0 src=58 arena=562528 parse_ms=17 rss=596935640 live=1811375
	csg_mem tag=forest_parsed src=58 arena=562528 rss=596935640 live=1811375
	csg_mem tag=forest src=59 bytes=59910 rss=596362200 live=1811363
	csg_mem tag=forest_parse_begin pass=0 src=59 reserve=0 rss=596427736 live=1811388
	csg_mem tag=forest_parse_end pass=0 src=59 arena=2329920 parse_ms=81 rss=598787032 live=1814601
	csg_mem tag=forest_parsed src=59 arena=2329920 rss=598787032 live=1814601
	csg_mem tag=forest src=60 bytes=4463 rss=596460504 live=1814590
	csg_mem tag=forest_parse_begin pass=0 src=60 reserve=0 rss=596460504 live=1814607
	csg_mem tag=forest_parse_end pass=0 src=60 arena=246432 parse_ms=6 rss=596739032 live=1814920
	csg_mem tag=forest_parsed src=60 arena=246432 rss=596739032 live=1814920
	csg_mem tag=forest src=61 bytes=4498706 rss=596476888 live=1814906
	csg_mem tag=forest_parse_begin pass=0 src=61 reserve=0 rss=605979608 live=1814943
	csg_mem tag=forest_parse_end pass=0 src=61 arena=140260800 parse_ms=14339 rss=707150976 live=2012382
	csg_mem tag=forest_parsed src=61 arena=140260800 rss=707150976 live=2012382
	csg_mem tag=forest src=62 bytes=214132 rss=561578968 live=2012393
	csg_mem tag=forest_parse_begin pass=0 src=62 reserve=0 rss=561742808 live=2012422
	csg_mem tag=forest_parse_end pass=0 src=62 arena=9147168 parse_ms=347 rss=571032560 live=2025326
	csg_mem tag=forest_parsed src=62 arena=9147168 rss=571032560 live=2025326
	csg_mem tag=forest src=63 bytes=146632 rss=561906648 live=2025312
	csg_mem tag=forest_parse_begin pass=0 src=63 reserve=0 rss=562054104 live=2025339
	csg_mem tag=forest_parse_end pass=0 src=63 arena=7895328 parse_ms=220 rss=570344432 live=2034024
	csg_mem tag=forest_parsed src=63 arena=7895328 rss=570344432 live=2034024
	csg_mem tag=forest src=64 bytes=60278 rss=562430936 live=2034018
	csg_mem tag=forest_parse_begin pass=0 src=64 reserve=0 rss=562463704 live=2034043
	csg_mem tag=forest_parse_end pass=0 src=64 arena=2237760 parse_ms=84 rss=564724696 live=2037406
	csg_mem tag=forest_parsed src=64 arena=2237760 rss=564724696 live=2037406
	csg_mem tag=forest src=65 bytes=26513 rss=562480088 live=2037405
	csg_mem tag=forest_parse_begin pass=0 src=65 reserve=0 rss=562496472 live=2037428
	csg_mem tag=forest_parse_end pass=0 src=65 arena=1929824 parse_ms=48 rss=564429784 live=2039760
	csg_mem tag=forest_parsed src=65 arena=1929824 rss=564429784 live=2039760
	csg_mem tag=forest src=66 bytes=115864 rss=562496472 live=2039746
	csg_mem tag=forest_parse_begin pass=0 src=66 reserve=0 rss=562496472 live=2039773
	csg_mem tag=forest_parse_end pass=0 src=66 arena=7864864 parse_ms=204 rss=569902064 live=2048979
	csg_mem tag=forest_parsed src=66 arena=7864864 rss=569902064 live=2048979
	csg_mem tag=forest src=67 bytes=342860 rss=562529240 live=2048967
	csg_mem tag=forest_parse_begin pass=0 src=67 reserve=0 rss=562889688 live=2048996
	csg_mem tag=forest_parse_end pass=0 src=67 arena=15735424 parse_ms=531 rss=578159600 live=2074819
	csg_mem tag=forest_parsed src=67 arena=15735424 rss=578159600 live=2074819
	csg_mem tag=forest src=68 bytes=93793 rss=563086296 live=2074818
	csg_mem tag=forest_parse_begin pass=0 src=68 reserve=0 rss=563086296 live=2074845
	csg_mem tag=forest_parse_end pass=0 src=68 arena=4499488 parse_ms=172 rss=567788528 live=2080963
	csg_mem tag=forest_parsed src=68 arena=4499488 rss=567788528 live=2080963
	csg_mem tag=forest src=69 bytes=18553 rss=563266520 live=2080950
	csg_mem tag=forest_parse_begin pass=0 src=69 reserve=0 rss=563266520 live=2080971
	csg_mem tag=forest_parse_end pass=0 src=69 arena=1560128 parse_ms=67 rss=564904920 live=2084228
	csg_mem tag=forest_parsed src=69 arena=1560128 rss=564904920 live=2084228
	csg_mem tag=forest src=70 bytes=23302 rss=563332056 live=2084214
	csg_mem tag=forest_parse_begin pass=0 src=70 reserve=0 rss=563332056 live=2084237
	csg_mem tag=forest_parse_end pass=0 src=70 arena=1078944 parse_ms=44 rss=564413400 live=2086304
	csg_mem tag=forest_parsed src=70 arena=1078944 rss=564413400 live=2086304
	csg_mem tag=forest src=71 bytes=12094 rss=563332056 live=2086299
	csg_mem tag=forest_parse_begin pass=0 src=71 reserve=0 rss=563332056 live=2086318
	csg_mem tag=forest_parse_end pass=0 src=71 arena=484512 parse_ms=18 rss=563823576 live=2086946
	csg_mem tag=forest_parsed src=71 arena=484512 rss=563823576 live=2086946
	csg_mem tag=forest src=72 bytes=373101 rss=563332056 live=2086934
	csg_mem tag=forest_parse_begin pass=0 src=72 reserve=0 rss=563561432 live=2086963
	csg_mem tag=forest_parse_end pass=0 src=72 arena=15793504 parse_ms=476 rss=578831344 live=2105005
	csg_mem tag=forest_parsed src=72 arena=15793504 rss=578831344 live=2105005
	csg_mem tag=forest src=73 bytes=5619 rss=563676120 live=2105008
	csg_mem tag=forest_parse_begin pass=0 src=73 reserve=0 rss=563676120 live=2105027
	csg_mem tag=forest_parse_end pass=0 src=73 arena=206048 parse_ms=7 rss=563905496 live=2105446
	csg_mem tag=forest_parsed src=73 arena=206048 rss=563905496 live=2105446
	csg_mem tag=forest src=74 bytes=256078 rss=563692504 live=2105432
	csg_mem tag=forest_parse_begin pass=0 src=74 reserve=0 rss=563774424 live=2105461
	csg_mem tag=forest_parse_end pass=0 src=74 arena=9120128 parse_ms=354 rss=572916720 live=2116818
	csg_mem tag=forest_parsed src=74 arena=9120128 rss=572916720 live=2116818
	csg_mem tag=forest src=75 bytes=228229 rss=563823576 live=2116810
	csg_mem tag=forest_parse_begin pass=0 src=75 reserve=0 rss=563921880 live=2116839
	csg_mem tag=forest_parse_end pass=0 src=75 arena=8998336 parse_ms=330 rss=572982256 live=2128300
	csg_mem tag=forest_parsed src=75 arena=8998336 rss=572982256 live=2128300
	csg_mem tag=forest src=76 bytes=9159 rss=563954648 live=2128296
	csg_mem tag=forest_parse_begin pass=0 src=76 reserve=0 rss=563954648 live=2128317
	csg_mem tag=forest_parse_end pass=0 src=76 arena=481184 parse_ms=13 rss=564446168 live=2128582
	csg_mem tag=forest_parsed src=76 arena=481184 rss=564446168 live=2128582
	csg_mem tag=forest src=77 bytes=207027 rss=563954648 live=2128568
	csg_mem tag=forest_parse_begin pass=0 src=77 reserve=0 rss=564020184 live=2128597
	csg_mem tag=forest_parse_end pass=0 src=77 arena=9306368 parse_ms=355 rss=573801456 live=2142805
	csg_mem tag=forest_parsed src=77 arena=9306368 rss=573801456 live=2142805
	csg_mem tag=forest src=78 bytes=21659 rss=564511704 live=2142791
	csg_mem tag=forest_parse_begin pass=0 src=78 reserve=0 rss=564528088 live=2142812
	csg_mem tag=forest_parse_end pass=0 src=78 arena=897152 parse_ms=26 rss=565429208 live=2143873
	csg_mem tag=forest_parsed src=78 arena=897152 rss=565429208 live=2143873
	csg_mem tag=forest src=79 bytes=138950 rss=564528088 live=2143859
	csg_mem tag=forest_parse_begin pass=0 src=79 reserve=0 rss=564528088 live=2143886
	csg_mem tag=forest_parse_end pass=0 src=79 arena=7673728 parse_ms=207 rss=571818992 live=2153578
	csg_mem tag=forest_parsed src=79 arena=7673728 rss=571818992 live=2153578
	csg_mem tag=forest src=80 bytes=16818 rss=564642776 live=2153564
	csg_mem tag=forest_parse_begin pass=0 src=80 reserve=0 rss=564659160 live=2153585
	csg_mem tag=forest_parse_end pass=0 src=80 arena=580096 parse_ms=22 rss=565314520 live=2154490
	csg_mem tag=forest_parsed src=80 arena=580096 rss=565314520 live=2154490
	csg_mem tag=forest src=81 bytes=7011 rss=564724696 live=2154477
	csg_mem tag=forest_parse_begin pass=0 src=81 reserve=0 rss=564741080 live=2154494
	csg_mem tag=forest_parse_end pass=0 src=81 arena=26368 parse_ms=1 rss=564741080 live=2154566
	csg_mem tag=forest_parsed src=81 arena=26368 rss=564741080 live=2154566
	csg_mem tag=forest src=82 bytes=3088 rss=564741080 live=2154554
	csg_mem tag=forest_parse_begin pass=0 src=82 reserve=0 rss=564741080 live=2154571
	csg_mem tag=forest_parse_end pass=0 src=82 arena=135104 parse_ms=10 rss=564904920 live=2154813
	csg_mem tag=forest_parsed src=82 arena=135104 rss=564904920 live=2154813
	csg_mem tag=forest src=83 bytes=209875 rss=564757464 live=2154799
	csg_mem tag=forest_parse_begin pass=0 src=83 reserve=0 rss=564921304 live=2154828
	csg_mem tag=forest_parse_end pass=0 src=83 arena=8672672 parse_ms=310 rss=573899760 live=2168045
	csg_mem tag=forest_parsed src=83 arena=8672672 rss=573899760 live=2168045
	csg_mem tag=forest src=84 bytes=113595 rss=565248984 live=2168045
	csg_mem tag=forest_parse_begin pass=0 src=84 reserve=0 rss=565347288 live=2168072
	csg_mem tag=forest_parse_end pass=0 src=84 arena=4098720 parse_ms=148 rss=569459672 live=2173278
	csg_mem tag=forest_parsed src=84 arena=4098720 rss=569459672 live=2173278
	csg_mem tag=forest src=85 bytes=693696 rss=565363672 live=2173271
	csg_mem tag=forest_parse_begin pass=0 src=85 reserve=0 rss=565920728 live=2173302
	csg_mem tag=forest_parse_end pass=0 src=85 arena=31524320 parse_ms=959 rss=595903496 live=2220980
	csg_mem tag=forest_parsed src=85 arena=31524320 rss=595903496 live=2220980
	csg_mem tag=forest src=86 bytes=84731 rss=566281176 live=2220994
	csg_mem tag=forest_parse_begin pass=0 src=86 reserve=0 rss=566297560 live=2221021
	csg_mem tag=forest_parse_end pass=0 src=86 arena=4655136 parse_ms=167 rss=571098096 live=2226801
	csg_mem tag=forest_parsed src=86 arena=4655136 rss=571098096 live=2226801
	csg_mem tag=forest src=87 bytes=95381 rss=566428632 live=2226807
	csg_mem tag=forest_parse_begin pass=0 src=87 reserve=0 rss=566461400 live=2226834
	csg_mem tag=forest_parse_end pass=0 src=87 arena=4657632 parse_ms=145 rss=571343856 live=2233567
	csg_mem tag=forest_parsed src=87 arena=4657632 rss=571343856 live=2233567
	csg_mem tag=forest src=88 bytes=100872 rss=566674392 live=2233569
	csg_mem tag=forest_parse_begin pass=0 src=88 reserve=0 rss=566739928 live=2233596
	csg_mem tag=forest_parse_end pass=0 src=88 arena=4560160 parse_ms=152 rss=571540464 live=2240545
	csg_mem tag=forest_parsed src=88 arena=4560160 rss=571540464 live=2240545
	csg_mem tag=forest src=89 bytes=8802 rss=566952920 live=2240543
	csg_mem tag=forest_parse_begin pass=0 src=89 reserve=0 rss=566969304 live=2240564
	csg_mem tag=forest_parse_end pass=0 src=89 arena=550528 parse_ms=16 rss=567608280 live=2241171
	csg_mem tag=forest_parsed src=89 arena=550528 rss=567608280 live=2241171
	csg_mem tag=forest src=90 bytes=36472 rss=567051224 live=2241158
	csg_mem tag=forest_parse_begin pass=0 src=90 reserve=0 rss=567083992 live=2241183
	csg_mem tag=forest_parse_end pass=0 src=90 arena=2282368 parse_ms=75 rss=569459672 live=2244126
	csg_mem tag=forest_parsed src=90 arena=2282368 rss=569459672 live=2244126
	csg_mem tag=forest src=91 bytes=9587 rss=567182296 live=2244116
	csg_mem tag=forest_parse_begin pass=0 src=91 reserve=0 rss=567182296 live=2244137
	csg_mem tag=forest_parse_end pass=0 src=91 arena=577568 parse_ms=19 rss=567854040 live=2244929
	csg_mem tag=forest_parsed src=91 arena=577568 rss=567854040 live=2244929
	csg_mem tag=forest src=92 bytes=146673 rss=567264216 live=2244916
	csg_mem tag=forest_parse_begin pass=0 src=92 reserve=0 rss=567608280 live=2244943
	csg_mem tag=forest_parse_end pass=0 src=92 arena=6026144 parse_ms=197 rss=573817840 live=2253924
	csg_mem tag=forest_parsed src=92 arena=6026144 rss=573817840 live=2253924
	csg_mem tag=forest src=93 bytes=85404 rss=567772120 live=2253934
	csg_mem tag=forest_parse_begin pass=0 src=93 reserve=0 rss=567968728 live=2253961
	csg_mem tag=forest_parse_end pass=0 src=93 arena=4405344 parse_ms=130 rss=572752880 live=2258638
	csg_mem tag=forest_parsed src=93 arena=4405344 rss=572752880 live=2258638
	csg_mem tag=forest src=94 bytes=60609 rss=568345560 live=2258641
	csg_mem tag=forest_parse_begin pass=0 src=94 reserve=0 rss=568476632 live=2258666
	csg_mem tag=forest_parse_end pass=0 src=94 arena=3005376 parse_ms=89 rss=571556824 live=2262085
	csg_mem tag=forest_parsed src=94 arena=3005376 rss=571556824 live=2262085
	csg_mem tag=forest src=95 bytes=21133 rss=568542168 live=2262078
	csg_mem tag=forest_parse_begin pass=0 src=95 reserve=0 rss=568591320 live=2262101
	csg_mem tag=forest_parse_end pass=0 src=95 arena=1127648 parse_ms=34 rss=569738200 live=2263325
	csg_mem tag=forest_parsed src=95 arena=1127648 rss=569738200 live=2263325
	csg_mem tag=forest src=96 bytes=3751 rss=568607704 live=2263312
	csg_mem tag=forest_parse_begin pass=0 src=96 reserve=0 rss=568624088 live=2263329
	csg_mem tag=forest_parse_end pass=0 src=96 arena=196480 parse_ms=6 rss=568837080 live=2263564
	csg_mem tag=forest_parsed src=96 arena=196480 rss=568837080 live=2263564
	csg_mem tag=forest src=97 bytes=97141 rss=568640472 live=2263550
	csg_mem tag=forest_parse_begin pass=0 src=97 reserve=0 rss=568853464 live=2263577
	csg_mem tag=forest_parse_end pass=0 src=97 arena=4655136 parse_ms=154 rss=573604848 live=2269652
	csg_mem tag=forest_parsed src=97 arena=4655136 rss=573604848 live=2269652
	csg_mem tag=forest src=98 bytes=25148 rss=568935384 live=2269649
	csg_mem tag=forest_parse_begin pass=0 src=98 reserve=0 rss=568984536 live=2269672
	csg_mem tag=forest_parse_end pass=0 src=98 arena=1160192 parse_ms=40 rss=570196952 live=2271066
	csg_mem tag=forest_parsed src=98 arena=1160192 rss=570196952 live=2271066
	csg_mem tag=forest src=99 bytes=67075 rss=569033688 live=2271054
	csg_mem tag=forest_parse_begin pass=0 src=99 reserve=0 rss=569050072 live=2271079
	csg_mem tag=forest_parse_end pass=0 src=99 arena=3936576 parse_ms=96 rss=573047768 live=2274583
	csg_mem tag=forest_parsed src=99 arena=3936576 rss=573047768 live=2274583
	csg_mem tag=forest src=100 bytes=122136 rss=569115608 live=2274576
	csg_mem tag=forest_parse_begin pass=0 src=100 reserve=0 rss=569213912 live=2274603
	csg_mem tag=forest_parse_end pass=0 src=100 arena=4583264 parse_ms=165 rss=573850608 live=2281542
	csg_mem tag=forest_parsed src=100 arena=4583264 rss=573850608 live=2281542
	csg_mem tag=forest src=101 bytes=477806 rss=569279448 live=2281545
	csg_mem tag=forest_parse_begin pass=0 src=101 reserve=0 rss=569689048 live=2281576
	csg_mem tag=forest_parse_end pass=0 src=101 arena=18347488 parse_ms=682 rss=588874760 live=2320466
	csg_mem tag=forest_parsed src=101 arena=18347488 rss=588874760 live=2320466
	csg_mem tag=forest src=102 bytes=9251 rss=570147800 live=2320470
	csg_mem tag=forest_parse_begin pass=0 src=102 reserve=0 rss=570147800 live=2320489
	csg_mem tag=forest_parse_end pass=0 src=102 arena=410976 parse_ms=13 rss=570573784 live=2321211
	csg_mem tag=forest_parsed src=102 arena=410976 rss=570573784 live=2321211
	csg_mem tag=forest src=103 bytes=35254 rss=570147800 live=2321197
	csg_mem tag=forest_parse_begin pass=0 src=103 reserve=0 rss=570180568 live=2321222
	csg_mem tag=forest_parse_end pass=0 src=103 arena=1696640 parse_ms=51 rss=571884504 live=2323133
	csg_mem tag=forest_parsed src=103 arena=1696640 rss=571884504 live=2323133
	csg_mem tag=forest src=104 bytes=207662 rss=570180568 live=2323125
	csg_mem tag=forest_parse_begin pass=0 src=104 reserve=0 rss=570459096 live=2323154
	csg_mem tag=forest_parse_end pass=0 src=104 arena=8813440 parse_ms=277 rss=579404784 live=2334420
	csg_mem tag=forest_parsed src=104 arena=8813440 rss=579404784 live=2334420
	csg_mem tag=forest src=105 bytes=53041 rss=570573784 live=2334438
	csg_mem tag=forest_parse_begin pass=0 src=105 reserve=0 rss=570622936 live=2334463
	csg_mem tag=forest_parse_end pass=0 src=105 arena=2259072 parse_ms=75 rss=572883928 live=2337234
	csg_mem tag=forest_parsed src=105 arena=2259072 rss=572883928 live=2337234
	csg_mem tag=forest src=106 bytes=19779 rss=570622936 live=2337226
	csg_mem tag=forest_parse_begin pass=0 src=106 reserve=0 rss=570622936 live=2337247
	csg_mem tag=forest_parse_end pass=0 src=106 arena=751744 parse_ms=24 rss=571376600 live=2338210
	csg_mem tag=forest_parsed src=106 arena=751744 rss=571376600 live=2338210
	csg_mem tag=forest src=107 bytes=274 rss=570622936 live=2338199
	csg_mem tag=forest_parse_begin pass=0 src=107 reserve=0 rss=570622936 live=2338210
	csg_mem tag=forest_parse_end pass=0 src=107 arena=9376 parse_ms=0 rss=570622936 live=2338247
	csg_mem tag=forest_parsed src=107 arena=9376 rss=570622936 live=2338247
	csg_mem tag=forest src=108 bytes=131447 rss=570622936 live=2338234
	csg_mem tag=forest_parse_begin pass=0 src=108 reserve=0 rss=570721240 live=2338261
	csg_mem tag=forest_parse_end pass=0 src=108 arena=4836960 parse_ms=176 rss=575800304 live=2344735
	csg_mem tag=forest_parsed src=108 arena=4836960 rss=575800304 live=2344735
	csg_mem tag=forest src=109 bytes=204964 rss=570950616 live=2344729
	csg_mem tag=forest_parse_begin pass=0 src=109 reserve=0 rss=571343832 live=2344758
	csg_mem tag=forest_parse_end pass=0 src=109 arena=8810624 parse_ms=273 rss=580305904 live=2354817
	csg_mem tag=forest_parsed src=109 arena=8810624 rss=580305904 live=2354817
	csg_mem tag=forest src=110 bytes=26073 rss=571474904 live=2354825
	csg_mem tag=forest_parse_begin pass=0 src=110 reserve=0 rss=571540440 live=2354848
	csg_mem tag=forest_parse_end pass=0 src=110 arena=1108928 parse_ms=36 rss=572687320 live=2356233
	csg_mem tag=forest_parsed src=110 arena=1108928 rss=572687320 live=2356233
	csg_mem tag=forest src=111 bytes=52561 rss=571573208 live=2356221
	csg_mem tag=forest_parse_begin pass=0 src=111 reserve=0 rss=571622360 live=2356246
	csg_mem tag=forest_parse_end pass=0 src=111 arena=2303040 parse_ms=74 rss=573981656 live=2359246
	csg_mem tag=forest_parsed src=111 arena=2303040 rss=573981656 live=2359246
	csg_mem tag=forest src=112 bytes=54759 rss=571671512 live=2359236
	csg_mem tag=forest_parse_begin pass=0 src=112 reserve=0 rss=571671512 live=2359261
	csg_mem tag=forest_parse_end pass=0 src=112 arena=2325568 parse_ms=79 rss=574161880 live=2362324
	csg_mem tag=forest_parsed src=112 arena=2325568 rss=574161880 live=2362324
	csg_mem tag=forest src=113 bytes=22222 rss=571835352 live=2362320
	csg_mem tag=forest_parse_begin pass=0 src=113 reserve=0 rss=571835352 live=2362341
	csg_mem tag=forest_parse_end pass=0 src=113 arena=1006144 parse_ms=28 rss=572933080 live=2363886
	csg_mem tag=forest_parsed src=113 arena=1006144 rss=572933080 live=2363886
	csg_mem tag=forest src=114 bytes=396704 rss=571917272 live=2363873
	csg_mem tag=forest_parse_begin pass=0 src=114 reserve=0 rss=572212184 live=2363904
	csg_mem tag=forest_parse_end pass=0 src=114 arena=15681920 parse_ms=570 rss=588874736 live=2396696
	csg_mem tag=forest_parsed src=114 arena=15681920 rss=588874736 live=2396696
	csg_mem tag=forest src=115 bytes=5769 rss=572802008 live=2396685
	csg_mem tag=forest_parse_begin pass=0 src=115 reserve=0 rss=572802008 live=2396704
	csg_mem tag=forest_parse_end pass=0 src=115 arena=210208 parse_ms=7 rss=573031384 live=2397060
	csg_mem tag=forest_parsed src=115 arena=210208 rss=573031384 live=2397060
	csg_mem tag=forest src=116 bytes=3136 rss=572818392 live=2397048
	csg_mem tag=forest_parse_begin pass=0 src=116 reserve=0 rss=572818392 live=2397065
	csg_mem tag=forest_parse_end pass=0 src=116 arena=107776 parse_ms=4 rss=572818392 live=2397255
	csg_mem tag=forest_parsed src=116 arena=107776 rss=572818392 live=2397255
	csg_mem tag=forest src=117 bytes=281236 rss=572818392 live=2397243
	csg_mem tag=forest_parse_begin pass=0 src=117 reserve=0 rss=572982232 live=2397272
	csg_mem tag=forest_parse_end pass=0 src=117 arena=8623104 parse_ms=328 rss=581993456 live=2414190
	csg_mem tag=forest_parsed src=117 arena=8623104 rss=581993456 live=2414190
	csg_mem tag=forest src=118 bytes=36339 rss=573064152 live=2414181
	csg_mem tag=forest_parse_begin pass=0 src=118 reserve=0 rss=573064152 live=2414204
	csg_mem tag=forest_parse_end pass=0 src=118 arena=2203776 parse_ms=63 rss=575341528 live=2416952
	csg_mem tag=forest_parsed src=118 arena=2203776 rss=575341528 live=2416952
	csg_mem tag=forest src=119 bytes=66727 rss=573129688 live=2416939
	csg_mem tag=forest_parse_begin pass=0 src=119 reserve=0 rss=573162456 live=2416964
	csg_mem tag=forest_parse_end pass=0 src=119 arena=4554656 parse_ms=131 rss=577897456 live=2421810
	csg_mem tag=forest_parsed src=119 arena=4554656 rss=577897456 live=2421810
	csg_mem tag=forest src=120 bytes=19895 rss=573326296 live=2421802
	csg_mem tag=forest_parse_begin pass=0 src=120 reserve=0 rss=573326296 live=2421823
	csg_mem tag=forest_parse_end pass=0 src=120 arena=716672 parse_ms=23 rss=574063576 live=2422979
	csg_mem tag=forest_parsed src=120 arena=716672 rss=574063576 live=2422979
	csg_mem tag=forest src=121 bytes=104630 rss=573342680 live=2422967
	csg_mem tag=forest_parse_begin pass=0 src=121 reserve=0 rss=573375448 live=2422994
	csg_mem tag=forest_parse_end pass=0 src=121 arena=4230240 parse_ms=150 rss=577799152 live=2430413
	csg_mem tag=forest_parsed src=121 arena=4230240 rss=577799152 live=2430413
	csg_mem tag=forest src=122 bytes=21670 rss=573539288 live=2430405
	csg_mem tag=forest_parse_begin pass=0 src=122 reserve=0 rss=573604824 live=2430428
	csg_mem tag=forest_parse_end pass=0 src=122 arena=1157568 parse_ms=41 rss=574915544 live=2431892
	csg_mem tag=forest_parsed src=122 arena=1157568 rss=574915544 live=2431892
	csg_mem tag=forest src=123 bytes=41012 rss=573752280 live=2431880
	csg_mem tag=forest_parse_begin pass=0 src=123 reserve=0 rss=573866968 live=2431905
	csg_mem tag=forest_parse_end pass=0 src=123 arena=2319616 parse_ms=67 rss=576259032 live=2434714
	csg_mem tag=forest_parsed src=123 arena=2319616 rss=576259032 live=2434714
	csg_mem tag=forest src=124 bytes=602132 rss=573932504 live=2434702
	csg_mem tag=forest_parse_begin pass=0 src=124 reserve=0 rss=574440408 live=2434733
	csg_mem tag=forest_parse_end pass=0 src=124 arena=31473056 parse_ms=862 rss=604947464 live=2485686
	csg_mem tag=forest_parsed src=124 arena=31473056 rss=604947464 live=2485686
	csg_mem tag=forest src=125 bytes=2984 rss=575456216 live=2485722
	csg_mem tag=forest_parse_begin pass=0 src=125 reserve=0 rss=575456216 live=2485739
	csg_mem tag=forest_parse_end pass=0 src=125 arena=103360 parse_ms=3 rss=575456216 live=2485896
	csg_mem tag=forest_parsed src=125 arena=103360 rss=575456216 live=2485896
	csg_mem tag=forest src=126 bytes=6234 rss=575456216 live=2485884
	csg_mem tag=forest_parse_begin pass=0 src=126 reserve=0 rss=575472600 live=2485903
	csg_mem tag=forest_parse_end pass=0 src=126 arena=273504 parse_ms=8 rss=575751128 live=2486266
	csg_mem tag=forest_parsed src=126 arena=273504 rss=575751128 live=2486266
	csg_mem tag=forest src=127 bytes=36702 rss=575472600 live=2486253
	csg_mem tag=forest_parse_begin pass=0 src=127 reserve=0 rss=575488984 live=2486276
	csg_mem tag=forest_parse_end pass=0 src=127 arena=1143488 parse_ms=42 rss=576652248 live=2488036
	csg_mem tag=forest_parsed src=127 arena=1143488 rss=576652248 live=2488036
	csg_mem tag=forest src=128 bytes=49364 rss=575505368 live=2488025
	csg_mem tag=forest_parse_begin pass=0 src=128 reserve=0 rss=575521752 live=2488050
	csg_mem tag=forest_parse_end pass=0 src=128 arena=2322624 parse_ms=81 rss=577881048 live=2491333
	csg_mem tag=forest_parsed src=128 arena=2322624 rss=577881048 live=2491333
	csg_mem tag=forest src=129 bytes=42894 rss=575554520 live=2491341
	csg_mem tag=forest_parse_begin pass=0 src=129 reserve=0 rss=575554520 live=2491364
	csg_mem tag=forest_parse_end pass=0 src=129 arena=2289440 parse_ms=67 rss=577881048 live=2493460
	csg_mem tag=forest_parsed src=129 arena=2289440 rss=577881048 live=2493460
	csg_mem tag=forest src=130 bytes=32186 rss=575587288 live=2493456
	csg_mem tag=forest_parse_begin pass=0 src=130 reserve=0 rss=575603672 live=2493479
	csg_mem tag=forest_parse_end pass=0 src=130 arena=1998304 parse_ms=48 rss=577668056 live=2495529
	csg_mem tag=forest_parsed src=130 arena=1998304 rss=577668056 live=2495529
	csg_mem tag=forest src=131 bytes=34873 rss=575669208 live=2495517
	csg_mem tag=forest_parse_begin pass=0 src=131 reserve=0 rss=575701976 live=2495540
	csg_mem tag=forest_parse_end pass=0 src=131 arena=1627616 parse_ms=50 rss=577389528 live=2497633
	csg_mem tag=forest_parsed src=131 arena=1627616 rss=577389528 live=2497633
	csg_mem tag=forest src=132 bytes=1752897 rss=575751128 live=2497626
	csg_mem tag=forest_parse_begin pass=0 src=132 reserve=0 rss=578388952 live=2497661
	csg_mem tag=forest_parse_end pass=0 src=132 arena=70229824 parse_ms=2839 rss=652870712 live=2593452
	csg_mem tag=forest_parsed src=132 arena=70229824 rss=652870712 live=2593452
	csg_mem tag=forest src=133 bytes=41896 rss=581043160 live=2593500
	csg_mem tag=forest_parse_begin pass=0 src=133 reserve=0 rss=581059544 live=2593523
	csg_mem tag=forest_parse_end pass=0 src=133 arena=1945568 parse_ms=57 rss=583123928 live=2596133
	csg_mem tag=forest_parsed src=133 arena=1945568 rss=583123928 live=2596133
	csg_mem tag=forest src=134 bytes=3542389 rss=581174232 live=2596121
	csg_mem tag=forest_parse_begin pass=0 src=134 reserve=0 rss=620413912 live=2596158
	csg_mem tag=forest_parse_end pass=0 src=134 arena=140602816 parse_ms=6438 rss=767542376 live=2783479
	csg_mem tag=forest_parsed src=134 arena=140602816 rss=767542376 live=2783479
	csg_mem tag=forest src=135 bytes=134144 rss=622920664 live=2783557
	csg_mem tag=forest_parse_begin pass=0 src=135 reserve=0 rss=622986200 live=2783584
	csg_mem tag=forest_parse_end pass=0 src=135 arena=7742336 parse_ms=193 rss=630342640 live=2792650
	csg_mem tag=forest_parsed src=135 arena=7742336 rss=630342640 live=2792650
	csg_mem tag=forest src=136 bytes=519612 rss=623100888 live=2792642
	csg_mem tag=forest_parse_begin pass=0 src=136 reserve=0 rss=623379416 live=2792673
	csg_mem tag=forest_parse_end pass=0 src=136 arena=17914656 parse_ms=650 rss=641860616 live=2821302
	csg_mem tag=forest_parsed src=136 arena=17914656 rss=641860616 live=2821302
	csg_mem tag=forest src=137 bytes=17351 rss=623379416 live=2821300
	csg_mem tag=forest_parse_begin pass=0 src=137 reserve=0 rss=623379416 live=2821321
	csg_mem tag=forest_parse_end pass=0 src=137 arena=1150240 parse_ms=32 rss=624526296 live=2822490
	csg_mem tag=forest_parsed src=137 arena=1150240 rss=624526296 live=2822490
	csg_mem tag=forest src=138 bytes=2319 rss=623379416 live=2822480
	csg_mem tag=forest_parse_begin pass=0 src=138 reserve=0 rss=623379416 live=2822495
	csg_mem tag=forest_parse_end pass=0 src=138 arena=86880 parse_ms=6 rss=623379416 live=2822604
	csg_mem tag=forest_parsed src=138 arena=86880 rss=623379416 live=2822604
	csg_mem tag=forest src=139 bytes=1697 rss=623379416 live=2822592
	csg_mem tag=forest_parse_begin pass=0 src=139 reserve=0 rss=623379416 live=2822607
	csg_mem tag=forest_parse_end pass=0 src=139 arena=57504 parse_ms=2 rss=623379416 live=2822707
	csg_mem tag=forest_parsed src=139 arena=57504 rss=623379416 live=2822707
	csg_mem tag=forest src=140 bytes=1202 rss=623379416 live=2822696
	csg_mem tag=forest_parse_begin pass=0 src=140 reserve=0 rss=623379416 live=2822711
	csg_mem tag=forest_parse_end pass=0 src=140 arena=52704 parse_ms=1 rss=623379416 live=2822791
	csg_mem tag=forest_parsed src=140 arena=52704 rss=623379416 live=2822791
	csg_mem tag=forest src=141 bytes=5427 rss=623379416 live=2822778
	csg_mem tag=forest_parse_begin pass=0 src=141 reserve=0 rss=623395800 live=2822797
	csg_mem tag=forest_parse_end pass=0 src=141 arena=286656 parse_ms=9 rss=623690712 live=2823211
	csg_mem tag=forest_parsed src=141 arena=286656 rss=623690712 live=2823211
	csg_mem tag=forest src=142 bytes=53259 rss=623395800 live=2823197
	csg_mem tag=forest_parse_begin pass=0 src=142 reserve=0 rss=623395800 live=2823222
	csg_mem tag=forest_parse_end pass=0 src=142 arena=2501696 parse_ms=95 rss=625935320 live=2832813
	csg_mem tag=forest_parsed src=142 arena=2501696 rss=625935320 live=2832813
	csg_mem tag=forest src=143 bytes=4821 rss=623428568 live=2832805
	csg_mem tag=forest_parse_begin pass=0 src=143 reserve=0 rss=623444952 live=2832824
	csg_mem tag=forest_parse_end pass=0 src=143 arena=276512 parse_ms=8 rss=623723480 live=2833103
	csg_mem tag=forest_parsed src=143 arena=276512 rss=623723480 live=2833103
	csg_mem tag=forest src=144 bytes=684 rss=623444952 live=2833091
	csg_mem tag=forest_parse_begin pass=0 src=144 reserve=0 rss=623444952 live=2833104
	csg_mem tag=forest_parse_end pass=0 src=144 arena=23264 parse_ms=0 rss=623444952 live=2833133
	csg_mem tag=forest_parsed src=144 arena=23264 rss=623444952 live=2833133
	csg_mem tag=forest src=145 bytes=706 rss=623444952 live=2833119
	csg_mem tag=forest_parse_begin pass=0 src=145 reserve=0 rss=623444952 live=2833132
	csg_mem tag=forest_parse_end pass=0 src=145 arena=23712 parse_ms=1 rss=623444952 live=2833184
	csg_mem tag=forest_parsed src=145 arena=23712 rss=623444952 live=2833184
	csg_mem tag=forest src=146 bytes=7097 rss=623444952 live=2833170
	csg_mem tag=forest_parse_begin pass=0 src=146 reserve=0 rss=623444952 live=2833189
	csg_mem tag=forest_parse_end pass=0 src=146 arena=392384 parse_ms=13 rss=623838168 live=2833589
	csg_mem tag=forest_parsed src=146 arena=392384 rss=623838168 live=2833589
	csg_mem tag=forest src=147 bytes=8518 rss=623444952 live=2833576
	csg_mem tag=forest_parse_begin pass=0 src=147 reserve=0 rss=623461336 live=2833595
	csg_mem tag=forest_parse_end pass=0 src=147 arena=486368 parse_ms=13 rss=623969240 live=2834134
	csg_mem tag=forest_parsed src=147 arena=486368 rss=623969240 live=2834134
	csg_mem tag=forest src=148 bytes=171411 rss=623477720 live=2834121
	csg_mem tag=forest_parse_begin pass=0 src=148 reserve=0 rss=623543256 live=2834148
	csg_mem tag=forest_parse_end pass=0 src=148 arena=8065696 parse_ms=242 rss=631587824 live=2852852
	csg_mem tag=forest_parsed src=148 arena=8065696 rss=631587824 live=2852852
	csg_mem tag=forest src=149 bytes=49447 rss=624018392 live=2852850
	csg_mem tag=forest_parse_begin pass=0 src=149 reserve=0 rss=624034776 live=2852875
	csg_mem tag=forest_parse_end pass=0 src=149 arena=2203968 parse_ms=64 rss=626607064 live=2855212
	csg_mem tag=forest_parsed src=149 arena=2203968 rss=626607064 live=2855212
	csg_mem tag=forest src=150 bytes=15928 rss=624395224 live=2855202
	csg_mem tag=forest_parse_begin pass=0 src=150 reserve=0 rss=624411608 live=2855223
	csg_mem tag=forest_parse_end pass=0 src=150 arena=759776 parse_ms=533 rss=625198040 live=2856171
	csg_mem tag=forest_parsed src=150 arena=759776 rss=625198040 live=2856171
	csg_mem tag=forest src=151 bytes=1861 rss=624427992 live=2856158
	csg_mem tag=forest_parse_begin pass=0 src=151 reserve=0 rss=624427992 live=2856173
	csg_mem tag=forest_parse_end pass=0 src=151 arena=86688 parse_ms=3 rss=624427992 live=2856302
	csg_mem tag=forest_parsed src=151 arena=86688 rss=624427992 live=2856302
	csg_mem tag=forest src=152 bytes=1128 rss=624427992 live=2856289
	csg_mem tag=forest_parse_begin pass=0 src=152 reserve=0 rss=624427992 live=2856302
	csg_mem tag=forest_parse_end pass=0 src=152 arena=66048 parse_ms=3 rss=624575448 live=2856400
	csg_mem tag=forest_parsed src=152 arena=66048 rss=624575448 live=2856400
	csg_mem tag=forest src=153 bytes=1513 rss=624575448 live=2856386
	csg_mem tag=forest_parse_begin pass=0 src=153 reserve=0 rss=624575448 live=2856401
	csg_mem tag=forest_parse_end pass=0 src=153 arena=54048 parse_ms=2 rss=624673752 live=2856540
	csg_mem tag=forest_parsed src=153 arena=54048 rss=624673752 live=2856540
	csg_mem tag=forest src=154 bytes=463934 rss=624673752 live=2856526
	csg_mem tag=forest_parse_begin pass=0 src=154 reserve=0 rss=625312728 live=2856557
	csg_mem tag=forest_parse_end pass=0 src=154 arena=18512992 parse_ms=1187 rss=644400136 live=2878550
	csg_mem tag=forest_parsed src=154 arena=18512992 rss=644400136 live=2878550
	csg_mem tag=forest src=155 bytes=13647 rss=625525720 live=2878553
	csg_mem tag=forest_parse_begin pass=0 src=155 reserve=0 rss=625525720 live=2878572
	csg_mem tag=forest_parse_end pass=0 src=155 arena=538080 parse_ms=18 rss=626082776 live=2879143
	csg_mem tag=forest_parsed src=155 arena=538080 rss=626082776 live=2879143
	csg_mem tag=forest src=156 bytes=38093 rss=625542104 live=2879129
	csg_mem tag=forest_parse_begin pass=0 src=156 reserve=0 rss=625607640 live=2879154
	csg_mem tag=forest_parse_end pass=0 src=156 arena=2014496 parse_ms=58 rss=627639256 live=2881303
	csg_mem tag=forest_parsed src=156 arena=2014496 rss=627639256 live=2881303
	csg_mem tag=forest src=157 bytes=11977 rss=625624024 live=2881290
	csg_mem tag=forest_parse_begin pass=0 src=157 reserve=0 rss=625624024 live=2881311
	csg_mem tag=forest_parse_end pass=0 src=157 arena=579104 parse_ms=20 rss=626230232 live=2882063
	csg_mem tag=forest_parsed src=157 arena=579104 rss=626230232 live=2882063
	csg_mem tag=forest src=158 bytes=2165055 rss=625640408 live=2882050
	csg_mem tag=forest_parse_begin pass=0 src=158 reserve=0 rss=700990496 live=2882085
	csg_mem tag=forest_parse_end pass=0 src=158 arena=73411680 parse_ms=3321 rss=702465128 live=3006739
	csg_mem tag=forest_parsed src=158 arena=73411680 rss=702465128 live=3006739
	csg_mem tag=forest src=159 bytes=10933 rss=627508232 live=3006817
	csg_mem tag=forest_parse_begin pass=0 src=159 reserve=0 rss=627524616 live=3006836
	csg_mem tag=forest_parse_end pass=0 src=159 arena=501088 parse_ms=14 rss=628261896 live=3007474
	csg_mem tag=forest_parsed src=159 arena=501088 rss=628261896 live=3007474
	csg_mem tag=forest src=160 bytes=1240 rss=627753992 live=3007463
	csg_mem tag=forest_parse_begin pass=0 src=160 reserve=0 rss=627753992 live=3007476
	csg_mem tag=forest_parse_end pass=0 src=160 arena=64000 parse_ms=2 rss=627852296 live=3007551
	csg_mem tag=forest_parsed src=160 arena=64000 rss=627852296 live=3007551
	csg_mem tag=forest src=161 bytes=9410 rss=627852296 live=3007537
	csg_mem tag=forest_parse_begin pass=0 src=161 reserve=0 rss=627868680 live=3007556
	csg_mem tag=forest_parse_end pass=0 src=161 arena=369024 parse_ms=12 rss=628409352 live=3007938
	csg_mem tag=forest_parsed src=161 arena=369024 rss=628409352 live=3007938
	csg_mem tag=forest src=162 bytes=68635 rss=628032520 live=3007925
	csg_mem tag=forest_parse_begin pass=0 src=162 reserve=0 rss=628163592 live=3007950
	csg_mem tag=forest_parse_end pass=0 src=162 arena=2996384 parse_ms=93 rss=631407624 live=3011206
	csg_mem tag=forest_parsed src=162 arena=2996384 rss=631407624 live=3011206
	csg_mem tag=forest src=163 bytes=50465 rss=628409352 live=3011194
	csg_mem tag=forest_parse_begin pass=0 src=163 reserve=0 rss=628458504 live=3011219
	csg_mem tag=forest_parse_end pass=0 src=163 arena=2227648 parse_ms=63 rss=630703112 live=3014295
	csg_mem tag=forest_parsed src=163 arena=2227648 rss=630703112 live=3014295
	csg_mem tag=forest src=164 bytes=17907 rss=628474888 live=3014285
	csg_mem tag=forest_parse_begin pass=0 src=164 reserve=0 rss=628474888 live=3014306
	csg_mem tag=forest_parse_end pass=0 src=164 arena=742784 parse_ms=23 rss=629244936 live=3015378
	csg_mem tag=forest_parsed src=164 arena=742784 rss=629244936 live=3015378
	csg_mem tag=forest src=165 bytes=5027 rss=628491272 live=3015365
	csg_mem tag=forest_parse_begin pass=0 src=165 reserve=0 rss=628507656 live=3015382
	csg_mem tag=forest_parse_end pass=0 src=165 arena=255104 parse_ms=8 rss=628917256 live=3015684
	csg_mem tag=forest_parsed src=165 arena=255104 rss=628917256 live=3015684
	csg_mem tag=forest src=166 bytes=658911 rss=628655112 live=3015670
	csg_mem tag=forest_parse_begin pass=0 src=166 reserve=0 rss=629195784 live=3015701
	csg_mem tag=forest_parse_end pass=0 src=166 arena=31122080 parse_ms=968 rss=658588728 live=3058671
	csg_mem tag=forest_parsed src=166 arena=31122080 rss=658588728 live=3058671
	csg_mem tag=forest src=167 bytes=20497 rss=629376008 live=3058671
	csg_mem tag=forest_parse_begin pass=0 src=167 reserve=0 rss=629392392 live=3058692
	csg_mem tag=forest_parse_end pass=0 src=167 arena=970752 parse_ms=37 rss=630391816 live=3059797
	csg_mem tag=forest_parsed src=167 arena=970752 rss=630391816 live=3059797
	csg_mem tag=forest src=168 bytes=40593 rss=629408776 live=3059788
	csg_mem tag=forest_parse_begin pass=0 src=168 reserve=0 rss=629408776 live=3059813
	csg_mem tag=forest_parse_end pass=0 src=168 arena=2318432 parse_ms=79 rss=631751688 live=3062062
	csg_mem tag=forest_parsed src=168 arena=2318432 rss=631751688 live=3062062
	csg_mem tag=forest src=169 bytes=46446 rss=629425160 live=3062051
	csg_mem tag=forest_parse_begin pass=0 src=169 reserve=0 rss=629425160 live=3062074
	csg_mem tag=forest_parse_end pass=0 src=169 arena=1915136 parse_ms=54 rss=631342088 live=3064180
	csg_mem tag=forest_parsed src=169 arena=1915136 rss=631342088 live=3064180
	csg_mem tag=forest src=170 bytes=1289676 rss=629425160 live=3064168
	csg_mem tag=forest_parse_begin pass=0 src=170 reserve=0 rss=630686728 live=3064201
	csg_mem tag=forest_parse_end pass=0 src=170 arena=62341184 parse_ms=1994 rss=688178232 live=3130407
	csg_mem tag=forest_parsed src=170 arena=62341184 rss=688178232 live=3130407
	csg_mem tag=forest src=171 bytes=251029 rss=631112712 live=3130405
	csg_mem tag=forest_parse_begin pass=0 src=171 reserve=0 rss=631161864 live=3130434
	csg_mem tag=forest_parse_end pass=0 src=171 arena=8744736 parse_ms=351 rss=640402464 live=3143318
	csg_mem tag=forest_parsed src=171 arena=8744736 rss=640402464 live=3143318
	csg_mem tag=forest src=172 bytes=16374 rss=631637000 live=3143316
	csg_mem tag=forest_parse_begin pass=0 src=172 reserve=0 rss=631653384 live=3143337
	csg_mem tag=forest_parse_end pass=0 src=172 arena=601984 parse_ms=23 rss=632308744 live=3144270
	csg_mem tag=forest_parsed src=172 arena=601984 rss=632308744 live=3144270
	csg_mem tag=forest src=173 bytes=25800 rss=631702536 live=3144257
	csg_mem tag=forest_parse_begin pass=0 src=173 reserve=0 rss=631735304 live=3144280
	csg_mem tag=forest_parse_end pass=0 src=173 arena=1098720 parse_ms=36 rss=632914952 live=3145474
	csg_mem tag=forest_parsed src=173 arena=1098720 rss=632914952 live=3145474
	csg_mem tag=forest src=174 bytes=148845 rss=631800840 live=3145462
	csg_mem tag=forest_parse_begin pass=0 src=174 reserve=0 rss=632030216 live=3145489
	csg_mem tag=forest_parse_end pass=0 src=174 arena=8091232 parse_ms=220 rss=639730720 live=3152799
	csg_mem tag=forest_parsed src=174 arena=8091232 rss=639730720 live=3152799
	csg_mem tag=forest src=175 bytes=67128 rss=632128520 live=3152795
	csg_mem tag=forest_parse_begin pass=0 src=175 reserve=0 rss=632226824 live=3152820
	csg_mem tag=forest_parse_end pass=0 src=175 arena=3947680 parse_ms=103 rss=636486664 live=3156170
	csg_mem tag=forest_parsed src=175 arena=3947680 rss=636486664 live=3156170
	csg_mem tag=forest src=176 bytes=78825 rss=632538120 live=3156158
	csg_mem tag=forest_parse_begin pass=0 src=176 reserve=0 rss=632669192 live=3156183
	csg_mem tag=forest_parse_end pass=0 src=176 arena=3980928 parse_ms=117 rss=636896264 live=3160020
	csg_mem tag=forest_parsed src=176 arena=3980928 rss=636896264 live=3160020
	csg_mem tag=forest src=177 bytes=21900 rss=632914952 live=3160011
	csg_mem tag=forest_parse_begin pass=0 src=177 reserve=0 rss=632947720 live=3160034
	csg_mem tag=forest_parse_end pass=0 src=177 arena=1123968 parse_ms=34 rss=634143752 live=3161225
	csg_mem tag=forest_parsed src=177 arena=1123968 rss=634143752 live=3161225
	csg_mem tag=forest src=178 bytes=23417 rss=633013256 live=3161213
	csg_mem tag=forest_parse_begin pass=0 src=178 reserve=0 rss=633062408 live=3161236
	csg_mem tag=forest_parse_end pass=0 src=178 arena=1161856 parse_ms=38 rss=634307592 live=3162842
	csg_mem tag=forest_parsed src=178 arena=1161856 rss=634307592 live=3162842
	csg_mem tag=forest src=179 bytes=22043 rss=633144328 live=3162830
	csg_mem tag=forest_parse_begin pass=0 src=179 reserve=0 rss=633177096 live=3162853
	csg_mem tag=forest_parse_end pass=0 src=179 arena=1141856 parse_ms=34 rss=634356744 live=3164134
	csg_mem tag=forest_parsed src=179 arena=1141856 rss=634356744 live=3164134
	csg_mem tag=forest src=180 bytes=47225 rss=633209864 live=3164121
	csg_mem tag=forest_parse_begin pass=0 src=180 reserve=0 rss=633291784 live=3164146
	csg_mem tag=forest_parse_end pass=0 src=180 arena=2339200 parse_ms=94 rss=635683848 live=3167393
	csg_mem tag=forest_parsed src=180 arena=2339200 rss=635683848 live=3167393
	csg_mem tag=forest src=181 bytes=30262 rss=633340936 live=3167382
	csg_mem tag=forest_parse_begin pass=0 src=181 reserve=0 rss=633357320 live=3167405
	csg_mem tag=forest_parse_end pass=0 src=181 arena=1158624 parse_ms=43 rss=634569736 live=3169196
	csg_mem tag=forest_parsed src=181 arena=1158624 rss=634569736 live=3169196
	csg_mem tag=forest src=182 bytes=48950 rss=633406472 live=3169187
	csg_mem tag=forest_parse_begin pass=0 src=182 reserve=0 rss=633422856 live=3169212
	csg_mem tag=forest_parse_end pass=0 src=182 arena=3265760 parse_ms=98 rss=636847112 live=3172526
	csg_mem tag=forest_parsed src=182 arena=3265760 rss=636847112 live=3172526
	csg_mem tag=forest src=183 bytes=1838 rss=633570312 live=3172516
	csg_mem tag=forest_parse_begin pass=0 src=183 reserve=0 rss=633570312 live=3172531
	csg_mem tag=forest_parse_end pass=0 src=183 arena=134464 parse_ms=4 rss=633766920 live=3172677
	csg_mem tag=forest_parsed src=183 arena=134464 rss=633766920 live=3172677
	csg_mem tag=forest src=184 bytes=77801 rss=633619464 live=3172663
	csg_mem tag=forest_parse_begin pass=0 src=184 reserve=0 rss=633685000 live=3172688
	csg_mem tag=forest_parse_end pass=0 src=184 arena=4007232 parse_ms=109 rss=637977608 live=3177411
	csg_mem tag=forest_parsed src=184 arena=4007232 rss=637977608 live=3177411
	csg_mem tag=forest src=185 bytes=48122 rss=633963528 live=3177405
	csg_mem tag=forest_parse_begin pass=0 src=185 reserve=0 rss=634078216 live=3177430
	csg_mem tag=forest_parse_end pass=0 src=185 arena=2178528 parse_ms=70 rss=636322824 live=3180584
	csg_mem tag=forest_parsed src=185 arena=2178528 rss=636322824 live=3180584
	csg_mem tag=forest src=186 bytes=184731 rss=634143752 live=3180573
	csg_mem tag=forest_parse_begin pass=0 src=186 reserve=0 rss=634192904 live=3180600
	csg_mem tag=forest_parse_end pass=0 src=186 arena=8187936 parse_ms=267 rss=642548768 live=3191316
	csg_mem tag=forest_parsed src=186 arena=8187936 rss=642548768 live=3191316
	csg_mem tag=forest src=187 bytes=149931 rss=634340360 live=3191315
	csg_mem tag=forest_parse_begin pass=0 src=187 reserve=0 rss=634373128 live=3191342
	csg_mem tag=forest_parse_end pass=0 src=187 arena=7709984 parse_ms=183 rss=642106400 live=3198588
	csg_mem tag=forest_parsed src=187 arena=7709984 rss=642106400 live=3198588
	csg_mem tag=forest src=188 bytes=57852 rss=634373128 live=3198581
	csg_mem tag=forest_parse_begin pass=0 src=188 reserve=0 rss=634389512 live=3198606
	csg_mem tag=forest_parse_end pass=0 src=188 arena=3874400 parse_ms=92 rss=638272520 live=3202322
	csg_mem tag=forest_parsed src=188 arena=3874400 rss=638272520 live=3202322
	csg_mem tag=forest src=189 bytes=34561 rss=634405896 live=3202311
	csg_mem tag=forest_parse_begin pass=0 src=189 reserve=0 rss=634422280 live=3202334
	csg_mem tag=forest_parse_end pass=0 src=189 arena=1181056 parse_ms=45 rss=635601928 live=3204231
	csg_mem tag=forest_parsed src=189 arena=1181056 rss=635601928 live=3204231
	csg_mem tag=forest src=190 bytes=10968 rss=634422280 live=3204219
	csg_mem tag=forest_parse_begin pass=0 src=190 reserve=0 rss=634422280 live=3204238
	csg_mem tag=forest_parse_end pass=0 src=190 arena=299616 parse_ms=11 rss=634733576 live=3204618
	csg_mem tag=forest_parsed src=190 arena=299616 rss=634733576 live=3204618
	csg_mem tag=forest src=191 bytes=8297 rss=634422280 live=3204604
	csg_mem tag=forest_parse_begin pass=0 src=191 reserve=0 rss=634422280 live=3204623
	csg_mem tag=forest_parse_end pass=0 src=191 arena=265824 parse_ms=9 rss=634700808 live=3204875
	csg_mem tag=forest_parsed src=191 arena=265824 rss=634700808 live=3204875
	csg_mem tag=forest src=192 bytes=15927 rss=634422280 live=3204861
	csg_mem tag=forest_parse_begin pass=0 src=192 reserve=0 rss=634422280 live=3204882
	csg_mem tag=forest_parse_end pass=0 src=192 arena=778688 parse_ms=24 rss=635208712 live=3205659
	csg_mem tag=forest_parsed src=192 arena=778688 rss=635208712 live=3205659
	csg_mem tag=forest src=193 bytes=4281 rss=634422280 live=3205649
	csg_mem tag=forest_parse_begin pass=0 src=193 reserve=0 rss=634422280 live=3205666
	csg_mem tag=forest_parse_end pass=0 src=193 arena=140192 parse_ms=5 rss=634569736 live=3205841
	csg_mem tag=forest_parsed src=193 arena=140192 rss=634569736 live=3205841
	csg_mem tag=forest src=194 bytes=16679 rss=634422280 live=3205829
	csg_mem tag=forest_parse_begin pass=0 src=194 reserve=0 rss=634422280 live=3205850
	csg_mem tag=forest_parse_end pass=0 src=194 arena=730336 parse_ms=23 rss=635175944 live=3206848
	csg_mem tag=forest_parsed src=194 arena=730336 rss=635175944 live=3206848
	csg_mem tag=forest src=195 bytes=22255 rss=634438664 live=3206834
	csg_mem tag=forest_parse_begin pass=0 src=195 reserve=0 rss=634438664 live=3206857
	csg_mem tag=forest_parse_end pass=0 src=195 arena=1077184 parse_ms=34 rss=635569160 live=3208080
	csg_mem tag=forest_parsed src=195 arena=1077184 rss=635569160 live=3208080
	csg_mem tag=forest src=196 bytes=11418 rss=634487816 live=3208068
	csg_mem tag=forest_parse_begin pass=0 src=196 reserve=0 rss=634504200 live=3208089
	csg_mem tag=forest_parse_end pass=0 src=196 arena=562144 parse_ms=18 rss=635077640 live=3208764
	csg_mem tag=forest_parsed src=196 arena=562144 rss=635077640 live=3208764
	csg_mem tag=forest src=197 bytes=55565 rss=634504200 live=3208751
	csg_mem tag=forest_parse_begin pass=0 src=197 reserve=0 rss=634536968 live=3208776
	csg_mem tag=forest_parse_end pass=0 src=197 arena=2286496 parse_ms=79 rss=636896264 live=3211740
	csg_mem tag=forest_parsed src=197 arena=2286496 rss=636896264 live=3211740
	csg_mem tag=forest src=198 bytes=12852 rss=634602504 live=3211729
	csg_mem tag=forest_parse_begin pass=0 src=198 reserve=0 rss=634602504 live=3211750
	csg_mem tag=forest_parse_end pass=0 src=198 arena=551392 parse_ms=18 rss=635192328 live=3212545
	csg_mem tag=forest_parsed src=198 arena=551392 rss=635192328 live=3212545
	csg_mem tag=forest src=199 bytes=16279 rss=634635272 live=3212531
	csg_mem tag=forest_parse_begin pass=0 src=199 reserve=0 rss=634651656 live=3212552
	csg_mem tag=forest_parse_end pass=0 src=199 arena=725472 parse_ms=23 rss=635520008 live=3213445
	csg_mem tag=forest_parsed src=199 arena=725472 rss=635520008 live=3213445
	csg_mem tag=forest src=200 bytes=13988 rss=634782728 live=3213432
	csg_mem tag=forest_parse_begin pass=0 src=200 reserve=0 rss=634831880 live=3213453
	csg_mem tag=forest_parse_end pass=0 src=200 arena=556256 parse_ms=20 rss=635405320 live=3214295
	csg_mem tag=forest_parsed src=200 arena=556256 rss=635405320 live=3214295
	csg_mem tag=forest src=201 bytes=16582 rss=634848264 live=3214281
	csg_mem tag=forest_parse_begin pass=0 src=201 reserve=0 rss=634864648 live=3214302
	csg_mem tag=forest_parse_end pass=0 src=201 arena=980576 parse_ms=23 rss=635913224 live=3215071
	csg_mem tag=forest_parsed src=201 arena=980576 rss=635913224 live=3215071
	csg_mem tag=forest src=202 bytes=13467 rss=634930184 live=3215058
	csg_mem tag=forest_parse_begin pass=0 src=202 reserve=0 rss=634946568 live=3215079
	csg_mem tag=forest_parse_end pass=0 src=202 arena=556256 parse_ms=19 rss=635503624 live=3215829
	csg_mem tag=forest_parsed src=202 arena=556256 rss=635503624 live=3215829
	csg_mem tag=forest src=203 bytes=9353 rss=634946568 live=3215815
	csg_mem tag=forest_parse_begin pass=0 src=203 reserve=0 rss=634962952 live=3215834
	csg_mem tag=forest_parse_end pass=0 src=203 arena=486272 parse_ms=12 rss=635454472 live=3216360
	csg_mem tag=forest_parsed src=203 arena=486272 rss=635454472 live=3216360
	csg_mem tag=forest src=204 bytes=1551 rss=634962952 live=3216346
	csg_mem tag=forest_parse_begin pass=0 src=204 reserve=0 rss=634962952 live=3216363
	csg_mem tag=forest_parse_end pass=0 src=204 arena=116288 parse_ms=3 rss=634979336 live=3216457
	csg_mem tag=forest_parsed src=204 arena=116288 rss=634979336 live=3216457
	csg_mem tag=forest src=205 bytes=5930 rss=634979336 live=3216444
	csg_mem tag=forest_parse_begin pass=0 src=205 reserve=0 rss=634995720 live=3216463
	csg_mem tag=forest_parse_end pass=0 src=205 arena=244416 parse_ms=9 rss=635257864 live=3216808
	csg_mem tag=forest_parsed src=205 arena=244416 rss=635257864 live=3216808
	csg_mem tag=forest src=206 bytes=7319 rss=635012104 live=3216795
	csg_mem tag=forest_parse_begin pass=0 src=206 reserve=0 rss=635012104 live=3216816
	csg_mem tag=forest_parse_end pass=0 src=206 arena=621280 parse_ms=21 rss=635814920 live=3217483
	csg_mem tag=forest_parsed src=206 arena=621280 rss=635814920 live=3217483
	csg_mem tag=forest src=207 bytes=14020 rss=635192328 live=3217471
	csg_mem tag=forest_parse_begin pass=0 src=207 reserve=0 rss=635225096 live=3217492
	csg_mem tag=forest_parse_end pass=0 src=207 arena=1135904 parse_ms=33 rss=636388360 live=3218624
	csg_mem tag=forest_parsed src=207 arena=1135904 rss=636388360 live=3218624
	csg_mem tag=forest src=208 bytes=13488 rss=635241480 live=3218615
	csg_mem tag=forest_parse_begin pass=0 src=208 reserve=0 rss=635257864 live=3218636
	csg_mem tag=forest_parse_end pass=0 src=208 arena=904928 parse_ms=30 rss=636355592 live=3219568
	csg_mem tag=forest_parsed src=208 arena=904928 rss=636355592 live=3219568
	csg_mem tag=forest src=209 bytes=20084 rss=635438088 live=3219554
	csg_mem tag=forest_parse_begin pass=0 src=209 reserve=0 rss=635470856 live=3219577
	csg_mem tag=forest_parse_end pass=0 src=209 arena=2075136 parse_ms=55 rss=637797384 live=3222350
	csg_mem tag=forest_parsed src=209 arena=2075136 rss=637797384 live=3222350
	csg_mem tag=forest src=210 bytes=1023 rss=635716616 live=3222340
	csg_mem tag=forest_parse_begin pass=0 src=210 reserve=0 rss=635716616 live=3222353
	csg_mem tag=forest_parse_end pass=0 src=210 arena=52704 parse_ms=1 rss=635716616 live=3222449
	csg_mem tag=forest_parsed src=210 arena=52704 rss=635716616 live=3222449
	csg_mem tag=forest src=211 bytes=5533 rss=635716616 live=3222435
	csg_mem tag=forest_parse_begin pass=0 src=211 reserve=0 rss=635733000 live=3222454
	csg_mem tag=forest_parse_end pass=0 src=211 arena=431616 parse_ms=12 rss=636208136 live=3222854
	csg_mem tag=forest_parsed src=211 arena=431616 rss=636208136 live=3222854
	csg_mem tag=forest src=212 bytes=33495 rss=635765768 live=3222841
	csg_mem tag=forest_parse_begin pass=0 src=212 reserve=0 rss=635782152 live=3222864
	csg_mem tag=forest_parse_end pass=0 src=212 arena=2308384 parse_ms=76 rss=638174216 live=3225676
	csg_mem tag=forest_parsed src=212 arena=2308384 rss=638174216 live=3225676
	csg_mem tag=forest src=213 bytes=13512 rss=635864072 live=3225664
	csg_mem tag=forest_parse_begin pass=0 src=213 reserve=0 rss=635929608 live=3225685
	csg_mem tag=forest_parse_end pass=0 src=213 arena=1011200 parse_ms=33 rss=637174792 live=3226841
	csg_mem tag=forest_parsed src=213 arena=1011200 rss=637174792 live=3226841
	csg_mem tag=forest src=214 bytes=6401 rss=636158984 live=3226827
	csg_mem tag=forest_parse_begin pass=0 src=214 reserve=0 rss=636191752 live=3226848
	csg_mem tag=forest_parse_end pass=0 src=214 arena=482464 parse_ms=14 rss=636863496 live=3227274
	csg_mem tag=forest_parsed src=214 arena=482464 rss=636863496 live=3227274
	csg_mem tag=forest src=215 bytes=50615 rss=636371976 live=3227261
	csg_mem tag=forest_parse_begin pass=0 src=215 reserve=0 rss=636437512 live=3227286
	csg_mem tag=forest_parse_end pass=0 src=215 arena=3387296 parse_ms=103 rss=639910920 live=3231059
	csg_mem tag=forest_parsed src=215 arena=3387296 rss=639910920 live=3231059
	csg_mem tag=forest src=216 bytes=1052 rss=636519432 live=3231055
	csg_mem tag=forest_parse_begin pass=0 src=216 reserve=0 rss=636519432 live=3231070
	csg_mem tag=forest_parse_end pass=0 src=216 arena=57632 parse_ms=2 rss=636552200 live=3231134
	csg_mem tag=forest_parsed src=216 arena=57632 rss=636552200 live=3231134
	csg_mem tag=forest src=217 bytes=42707 rss=636552200 live=3231121
	csg_mem tag=forest_parse_begin pass=0 src=217 reserve=0 rss=636601352 live=3231146
	csg_mem tag=forest_parse_end pass=0 src=217 arena=3378432 parse_ms=95 rss=640435208 live=3234225
	csg_mem tag=forest_parsed src=217 arena=3378432 rss=640435208 live=3234225
	csg_mem tag=forest src=218 bytes=961 rss=637043720 live=3234218
	csg_mem tag=forest_parse_begin pass=0 src=218 reserve=0 rss=637043720 live=3234233
	csg_mem tag=forest_parse_end pass=0 src=218 arena=48704 parse_ms=1 rss=637174792 live=3234280
	csg_mem tag=forest_parsed src=218 arena=48704 rss=637174792 live=3234280
	csg_mem tag=forest src=219 bytes=142651 rss=637174792 live=3234268
	csg_mem tag=forest_parse_begin pass=0 src=219 reserve=0 rss=637420552 live=3234297
	csg_mem tag=forest_parse_end pass=0 src=219 arena=7740960 parse_ms=253 rss=645317664 live=3244743
	csg_mem tag=forest_parsed src=219 arena=7740960 rss=645317664 live=3244743
	csg_mem tag=forest src=220 bytes=37592 rss=637600776 live=3244758
	csg_mem tag=forest_parse_begin pass=0 src=220 reserve=0 rss=637633544 live=3244781
	csg_mem tag=forest_parse_end pass=0 src=220 arena=1904480 parse_ms=60 rss=639599624 live=3246806
	csg_mem tag=forest_parsed src=220 arena=1904480 rss=639599624 live=3246806
	csg_mem tag=forest src=221 bytes=4151 rss=637682696 live=3246792
	csg_mem tag=forest_parse_begin pass=0 src=221 reserve=0 rss=637682696 live=3246811
	csg_mem tag=forest_parse_end pass=0 src=221 arena=322112 parse_ms=10 rss=638075912 live=3247221
	csg_mem tag=forest_parsed src=221 arena=322112 rss=638075912 live=3247221
	csg_mem tag=forest src=222 bytes=7309 rss=637748232 live=3247208
	csg_mem tag=forest_parse_begin pass=0 src=222 reserve=0 rss=637748232 live=3247229
	csg_mem tag=forest_parse_end pass=0 src=222 arena=582336 parse_ms=18 rss=638387208 live=3247831
	csg_mem tag=forest_parsed src=222 arena=582336 rss=638387208 live=3247831
	csg_mem tag=forest src=223 bytes=10874 rss=637797384 live=3247817
	csg_mem tag=forest_parse_begin pass=0 src=223 reserve=0 rss=637797384 live=3247838
	csg_mem tag=forest_parse_end pass=0 src=223 arena=844128 parse_ms=23 rss=638682120 live=3248739
	csg_mem tag=forest_parsed src=223 arena=844128 rss=638682120 live=3248739
	csg_mem tag=forest src=224 bytes=2184 rss=637830152 live=3248728
	csg_mem tag=forest_parse_begin pass=0 src=224 reserve=0 rss=637830152 live=3248745
	csg_mem tag=forest_parse_end pass=0 src=224 arena=199136 parse_ms=5 rss=638092296 live=3248873
	csg_mem tag=forest_parsed src=224 arena=199136 rss=638092296 live=3248873
	csg_mem tag=forest src=225 bytes=2730 rss=637879304 live=3248859
	csg_mem tag=forest_parse_begin pass=0 src=225 reserve=0 rss=637879304 live=3248876
	csg_mem tag=forest_parse_end pass=0 src=225 arena=220992 parse_ms=6 rss=638256136 live=3249041
	csg_mem tag=forest_parsed src=225 arena=220992 rss=638256136 live=3249041
	csg_mem tag=forest src=226 bytes=13214 rss=638026760 live=3249029
	csg_mem tag=forest_parse_begin pass=0 src=226 reserve=0 rss=638026760 live=3249050
	csg_mem tag=forest_parse_end pass=0 src=226 arena=950784 parse_ms=28 rss=639042568 live=3249972
	csg_mem tag=forest_parsed src=226 arena=950784 rss=639042568 live=3249972
	csg_mem tag=forest src=227 bytes=170 rss=638075912 live=3249960
	csg_mem tag=forest_parse_begin pass=0 src=227 reserve=0 rss=638075912 live=3249971
	csg_mem tag=forest_parse_end pass=0 src=227 arena=10176 parse_ms=0 rss=638075912 live=3249992
	csg_mem tag=forest_parsed src=227 arena=10176 rss=638075912 live=3249992
	csg_mem tag=forest src=228 bytes=13660 rss=638075912 live=3249978
	csg_mem tag=forest_parse_begin pass=0 src=228 reserve=0 rss=638108680 live=3250001
	csg_mem tag=forest_parse_end pass=0 src=228 arena=1243744 parse_ms=39 rss=639566856 live=3251066
	csg_mem tag=forest_parsed src=228 arena=1243744 rss=639566856 live=3251066
	csg_mem tag=forest src=229 bytes=13065 rss=638321672 live=3251052
	csg_mem tag=forest_parse_begin pass=0 src=229 reserve=0 rss=638354440 live=3251073
	csg_mem tag=forest_parse_end pass=0 src=229 arena=1160288 parse_ms=35 rss=639566856 live=3252169
	csg_mem tag=forest_parsed src=229 arena=1160288 rss=639566856 live=3252169
	csg_mem tag=forest src=230 bytes=103363 rss=638403592 live=3252156
	csg_mem tag=forest_parse_begin pass=0 src=230 reserve=0 rss=638436360 live=3252183
	csg_mem tag=forest_parse_end pass=0 src=230 arena=5079392 parse_ms=170 rss=643564576 live=3259319
	csg_mem tag=forest_parsed src=230 arena=5079392 rss=643564576 live=3259319
	csg_mem tag=forest src=231 bytes=5655 rss=638485512 live=3259330
	csg_mem tag=forest_parse_begin pass=0 src=231 reserve=0 rss=638485512 live=3259349
	csg_mem tag=forest_parse_end pass=0 src=231 arena=472736 parse_ms=24 rss=638977032 live=3259913
	csg_mem tag=forest_parsed src=231 arena=472736 rss=638977032 live=3259913
	csg_mem tag=forest src=232 bytes=8447 rss=638501896 live=3259901
	csg_mem tag=forest_parse_begin pass=0 src=232 reserve=0 rss=638501896 live=3259922
	csg_mem tag=forest_parse_end pass=0 src=232 arena=448320 parse_ms=16 rss=638960648 live=3260389
	csg_mem tag=forest_parsed src=232 arena=448320 rss=638960648 live=3260389
	csg_mem tag=forest src=233 bytes=2526 rss=638501896 live=3260380
	csg_mem tag=forest_parse_begin pass=0 src=233 reserve=0 rss=638518280 live=3260397
	csg_mem tag=forest_parse_end pass=0 src=233 arena=117280 parse_ms=6 rss=638518280 live=3260468
	csg_mem tag=forest_parsed src=233 arena=117280 rss=638518280 live=3260468
	csg_mem tag=ta_limits tokens=3612610 type_syntax=157953 type_syntax_children=58669 enum_variants=970 declaration_symbols=1314 functions=17416 bracket_args=1277 generic_symbols=14 generic_symbol_children=0 column_rows=17772478 column_bytes=71089912 rss=638518280 live=3260453
	csg_mem tag=forest_build_done rss=638518280 live=3260453
	csg_mem tag=decl_index entries=1314 sources=234 type_syntax=157953 declarations=155657 verified=0 rss=638518280 live=3260453
	csg_mem tag=ta_limits tokens=3612610 type_syntax=157953 type_syntax_children=58669 enum_variants=970 declaration_symbols=1314 functions=17416 bracket_args=1277 generic_symbols=14 generic_symbol_children=0 column_rows=17772478 column_bytes=71089912 rss=638518280 live=3260504
	csg_mem tag=forest src=0 bytes=6917 rss=763397272 live=3573784
	csg_mem tag=forest_parse_begin pass=1 src=0 reserve=332992 rss=763397272 live=3573803
