ordinary	ordinary_zero_exit_fixture.cheng	0	0	-
call_fixture	call_fixture.cheng	0	1	-
cold_nested	cold_nested_fmt_interpolation_smoke.cheng	0	0	-
v6	v6_direct1_repro.cheng	0	0	-
# --- probe section ---
probe_while	probe_while.cheng	0	0	-
probe_enum	probe_enum.cheng	0	0	-
probe_tuple	probe_tuple.cheng	0	0	-
probe_assert	probe_assert.cheng	0	0	-
probe_varinit	probe_varinit.cheng	0	0	-
probe_mod	probe_mod.cheng	0	0	-
probe_objctor	probe_objctor.cheng	0	0	-
probe_break	probe_break.cheng	0	0	-
probe_continue	probe_continue.cheng	0	0	-
probe_when	probe_when.cheng	0	0	-
probe_block	probe_block.cheng	0	0	-
probe_sizeof	probe_sizeof.cheng	0	0	-
probe_defer	probe_defer.cheng	1		body ir control flow: defer action bytes invalid
probe_for	probe_for.cheng	1		surface=..< rootNode=-1
probe_match	probe_match.cheng	1		typed expr: call declaration static argument type unavailable
probe_generic	probe_generic.cheng	1		node value/share authority is incomplete
probe_closure	probe_closure.cheng	1		unsupported structural value case=12
probe_try	probe_try.cheng	1		parser type syntax: field declaration type missing
probe_array	probe_array.cheng	1		primary: managed BodyOp borrow owner BodyOp definition missing
