fixture=repro0_a_fnptr_field.cheng	verdict=CLEAN	count=0	bails=-	emit_asserts=-	run_rc=0
fixture=repro0_b_seqalias_ctor.cheng	verdict=CLEAN	count=0	bails=-	emit_asserts=-
fixture=repro0_c_typefn_samename.cheng	verdict=CLEAN	count=0	bails=-	emit_asserts=-
fixture=repro0_d_ref_typefn_samename.cheng	verdict=CLEAN	count=0	bails=-	emit_asserts=-	run_rc=0
fixture=repro44_call_nestedargs.cheng	verdict=CLEAN	count=0	bails=-	emit_asserts=-
fixture=repro44_idxstore_callrhs.cheng	verdict=CLEAN	count=0	bails=-	emit_asserts=-
fixture=repro44_letcall_namedctor.cheng	verdict=CLEAN	count=0	bails=-	emit_asserts=-
fixture=repro44_letcall_xmod_ctor.cheng	verdict=CLEAN	count=0	bails=-	emit_asserts=-
fixture=repro801_cset_exact.cheng	verdict=CLEAN	count=0	bails=-	emit_asserts=-
fixture=repro801_ok_scalar_call.cheng	verdict=CLEAN	count=0	bails=-	emit_asserts=-
fixture=repro801_return_multicall_arith.cheng	verdict=BAIL	count=1	bails=0:1	emit_asserts=-
fixture=repro801_v_agg_payload.cheng	verdict=CLEAN	count=0	bails=-	emit_asserts=-
fixture=repro801_v_const_depth1.cheng	verdict=CLEAN	count=0	bails=-	emit_asserts=-
fixture=repro801_v_const_letcall.cheng	verdict=CLEAN	count=0	bails=-	emit_asserts=-
fixture=repro801_v_const_payload.cheng	verdict=CLEAN	count=0	bails=-	emit_asserts=-
fixture=repro801_v_constarg.cheng	verdict=CLEAN	count=0	bails=-	emit_asserts=-
fixture=repro801_v_nestedcall.cheng	verdict=CLEAN	count=0	bails=-	emit_asserts=-
fixture=repro801_v_u32.cheng	verdict=CLEAN	count=0	bails=-	emit_asserts=-
fixture=repro707_fnptr_assign.cheng	verdict=CLEAN	count=0	bails=-	emit_asserts=-
fixture=repro707_contline_hash_string.cheng	verdict=CLEAN	count=0	bails=-	emit_asserts=-
fixture=frontier_61_result_value_assign_green.cheng	verdict=CLEAN	count=0	bails=-	emit_asserts=cheng_seq_str_add:0,cheng_seq_set_grow:0
fixture=frontier_61_result_value_callarg.cheng	verdict=CLEAN	count=0	bails=-	emit_asserts=cheng_seq_str_add:1,cheng_seq_set_grow:0
fixture=frontier_61_result_value_nested.cheng	verdict=CLEAN	count=0	bails=-	emit_asserts=-
fixture=frontier_631_seqadd_valueif.cheng	verdict=CLEAN	count=0	bails=-	emit_asserts=-
fixture=frontier_631_seqadd_valueif_green.cheng	verdict=CLEAN	count=0	bails=-	emit_asserts=-
fixture=frontier_64_indirect_fnptr_call.cheng	verdict=CLEAN	count=0	bails=-	emit_asserts=-
fixture=frontier_64_indirect_fnptr_call_green.cheng	verdict=CLEAN	count=0	bails=-	emit_asserts=-
fixture=frontier_709_semicolon_compound.cheng	verdict=BAIL	count=1	bails=709:1	emit_asserts=-
fixture=frontier_709_semicolon_compound_green.cheng	verdict=CLEAN	count=0	bails=-	emit_asserts=-
fixture=frontier_712_boolfield_logand_call.cheng	verdict=CLEAN	count=0	bails=-	emit_asserts=-
fixture=frontier_712_boolfield_logand_call_green.cheng	verdict=CLEAN	count=0	bails=-	emit_asserts=-
fixture=probe_enum_cast.cheng	verdict=CLEAN	count=0	bails=-	emit_asserts=-
fixture=t62d2_v8pure_int32_orphan.cheng	verdict=CLEAN	count=0	bails=-	emit_asserts=cheng_seq_set_grow:1,cheng_seq_str_add:0
fixture=t62d5_nested_ctor_scalar_green.cheng	verdict=CLEAN	count=0	bails=-	emit_asserts=cheng_seq_set_grow:1,cheng_seq_str_add:0	run_rc=0
fixture=t62d6_red_agg_inner.cheng	verdict=CLEAN	count=0	bails=-	emit_asserts=cheng_seq_set_grow:1,cheng_seq_str_add:0	run_rc=0
fixture=t62d6_red_str_inner.cheng	verdict=CLEAN	count=0	bails=-	emit_asserts=cheng_seq_set_grow:5,cheng_seq_str_add:5	run_rc=0
fixture=t66g_d_no_arith.cheng	verdict=CLEAN	count=0	bails=-	emit_asserts=-	run_rc=0
fixture=t66g_g_elif.cheng	verdict=CLEAN	count=0	bails=-	emit_asserts=-	run_rc=0
fixture=t66g_h_int64.cheng	verdict=CLEAN	count=0	bails=-	emit_asserts=-	run_rc=0
fixture=t66g_k2_isolated_bare_true.cheng	verdict=CLEAN	count=0	bails=-	emit_asserts=-	run_rc=1
fixture=t66g_m_isolated_rhs_arith_true.cheng	verdict=CLEAN	count=0	bails=-	emit_asserts=-	run_rc=1
fixture=t66g_vb_2leaf_or.cheng	verdict=CLEAN	count=0	bails=-	emit_asserts=-	run_rc=0
fixture=t72_std_system_load_direct_green.cheng	verdict=CLEAN	count=0	bails=-	emit_asserts=-	run_rc=0
fixture=t72_std_system_load_green.cheng	verdict=CLEAN	count=0	bails=-	emit_asserts=-	run_rc=0
fixture=t72_user_load_green.cheng	verdict=CLEAN	count=0	bails=-	emit_asserts=-	run_rc=0
