src/core/backend/aarch64_encode.cheng	aarch64
src/core/backend/bail44_helper_b1_expand.cheng	kernel
src/core/backend/body_kind_parse.cheng	kernel
src/core/backend/build_plan.cheng	kernel
src/core/backend/canonical_type_chain.cheng	kernel
src/core/backend/codegen_contract.cheng	kernel	Step1 新增契约模块；内核↔插件唯一耦合面，当前 DRAFT 未被 import

src/core/backend/coff_object_linker.cheng	shared-format	格式层；B7（2026-08-25）起链接期 aarch64 编码经 codegen_a64_link_units 门面，无 arch 直 import；CoffLinkExeAarch64 经 codegen_writer_units 表键 CodegenLinkerUnitAarch64Coff 收编
src/core/backend/coff_object_writer.cheng	shared-format	通用 COFF 容器 writer，无 arch import
src/core/backend/coff_x86_64_writer.cheng	x86_64
src/core/backend/compile_mode_switch.cheng	kernel
src/core/backend/compiler_facts.cheng	kernel
src/core/backend/concurrent_assembly.cheng	kernel
src/core/backend/csg_plugin_pickup.cheng	kernel	S4-B（2026-08-25）新增 CSG 取件客户端层（本地缓存原子落盘/Acquire 状态机/离线 fail-closed 报文，docs/cheng-csg-pickup-design.md §2.2 kernel 桶）；S4-D 起 MissingError 非空清单委托 codegen_contract.CodegenPluginMissingError
src/core/backend/data_payload_codec.cheng	kernel
src/core/backend/debug_emission_plan_evidence.cheng	kernel
src/core/backend/debug_emission_receipt.cheng	kernel
src/core/backend/debug_facts.cheng	kernel
src/core/backend/debug_relocatable_object_evidence.cheng	kernel
src/core/backend/debug_section_plan_consumer.cheng	kernel
src/core/backend/debug_section_plan_receipt.cheng	kernel
src/core/backend/direct_exe_emit.cheng	kernel
src/core/backend/direct_object_debug_sections.cheng	kernel
src/core/backend/direct_object_emit.cheng	kernel	needs-dissection：按 target 派发 elf_x86_64/elf_riscv64/elf_riscv32 writer
src/core/backend/driver_safe_contract.cheng	kernel
src/core/backend/elf_object_linker.cheng	shared-format	格式层；B7（2026-08-25）起链接期 aarch64 编码经 codegen_a64_link_units 门面，无 arch 直 import
src/core/backend/elf_object_writer.cheng	shared-format	通用 ELF 容器 writer，无 arch import
src/core/backend/elf_riscv32_writer.cheng	riscv32	riscv32 专属 writer 单列成桶（2026-08-24 裁定：非 kernel 非 shared-format；kernel→此处的 import 计入待拆违规清单）
src/core/backend/elf_riscv64_linker.cheng	riscv64
src/core/backend/elf_riscv64_writer.cheng	riscv64
src/core/backend/elf_x86_64_writer.cheng	x86_64
src/core/backend/escape_arena_apply.cheng	kernel
src/core/backend/host_pool_runtime.cheng	kernel
src/core/backend/hot_patch.cheng	kernel
src/core/backend/line_map.cheng	kernel
src/core/backend/linker_shared_core.cheng	shared-format	linker 共享核心，仅 std import
src/core/backend/linkerless_object_writer.cheng	shared-format	容器直写族；依赖 kernel 的 direct_object_emit/primary_object_plan
src/core/backend/lowering_payload_lifecycle.cheng	kernel
src/core/backend/lowering_plan.cheng	kernel	needs-dissection：backend 中立大块；无直接 arch import，内部关键词解剖见闭合检查报告
src/core/backend/macho_debug_section_evidence.cheng	shared-format	Mach-O 专属 debug section 证据
src/core/backend/macho_object_linker.cheng	shared-format	Mach-O 链接逻辑，仅 std import
src/core/backend/macho_object_writer.cheng	shared-format	Mach-O 容器 writer
src/core/backend/macho_provider_linker.cheng	shared-format
src/core/backend/metadata_text_authority.cheng	kernel
src/core/backend/native_link_exec.cheng	kernel	B2/B7 后无 arch import：riscv64 链接经 codegen_writer_units 表键，coff_pe 臂 B7（2026-08-25）经 codegen_linker_units 同槽位收编（coff_object_linker import 已消）
src/core/backend/native_link_exec_darwin.cheng	kernel	Darwin OS 变体，非 CPU-arch 分叉
src/core/backend/native_link_plan.cheng	kernel
src/core/backend/native_object_emission_plan.cheng	kernel	needs-dissection：按 target 派发 elf_x86_64/elf_riscv64/elf_riscv32 writer
src/core/backend/object_buffer.cheng	kernel
src/core/backend/object_plan.cheng	kernel
src/core/backend/object_relocs.cheng	kernel
src/core/backend/object_symbols.cheng	kernel
src/core/backend/primary_object_csgc_cargo.cheng	kernel
src/core/backend/primary_object_csgc_emit.cheng	kernel
src/core/backend/primary_object_emit.cheng	kernel
src/core/backend/primary_object_plan.cheng	kernel	needs-dissection：import aarch64_encode/x86_64_body_emit/regalloc_aarch64_adapter，内嵌 arch 分叉头号嫌疑
src/core/backend/provider_export_identity_import.cheng	kernel
src/core/backend/provider_export_identity_receipt.cheng	kernel
src/core/backend/regalloc_aarch64_adapter.cheng	aarch64
src/core/backend/regalloc_production_artifacts.cheng	kernel	needs-dissection：import regalloc_aarch64_adapter/riscv64_encode
src/core/backend/regalloc_production_emitter.cheng	kernel	needs-dissection：派发全部 arch adapter 与 riscv64_encode
src/core/backend/regalloc_production_encoder_events.cheng	riscv64	B3（2026-08-25）：riscv 编码器事件重放模块整体迁 riscv64 单元（28/28 rv.* 无中立混居）；carrier 两类型收口 codegen_contract，内核经 codegen_encoder_event_units 门面直调
src/core/backend/regalloc_riscv_adapter.cheng	riscv64	文件名仅含 riscv；按计划文档 riscv64 单元归属；import regalloc_aarch64_adapter（跨 arch 复用）
src/core/backend/regalloc_single_pass.cheng	kernel	needs-dissection：中立骨架；被全部 arch adapter 消费
src/core/backend/regalloc_x86_64_adapter.cheng	x86_64	import regalloc_aarch64_adapter（跨 arch 复用）
src/core/backend/riscv64_encode.cheng	riscv64
src/core/backend/semantic_facts.cheng	kernel
src/core/backend/semantic_snapshot_debug_binding_receipt.cheng	kernel
src/core/backend/synthetic_function_authority.cheng	kernel
src/core/backend/system_link_exec.cheng	kernel
src/core/backend/system_link_exec_held_object_runtime.cheng	kernel
src/core/backend/system_link_exec_runtime.cheng	kernel
src/core/backend/system_link_plan.cheng	kernel
src/core/backend/target_matrix.cheng	kernel	triple/target 数据表，零 import
src/core/backend/thunk_driver.cheng	kernel
src/core/backend/thunk_synthesis_driver.cheng	kernel
src/core/backend/uir_egraph_cost.cheng	kernel
src/core/backend/uir_egraph_rewrite.cheng	kernel
src/core/backend/uir_loop_analysis.cheng	kernel
src/core/backend/uir_noalias_pass.cheng	kernel
src/core/backend/uir_thunk_synthesis.cheng	kernel
src/core/backend/uir_vec_cost.cheng	kernel
src/core/backend/uir_vectorize_loop.cheng	kernel
src/core/backend/uir_vectorize_slp.cheng	kernel
src/core/backend/wasm_module_emit.cheng	wasm32
src/core/backend/x86_64_body_emit.cheng	x86_64
src/core/backend/x86_64_encode.cheng	x86_64
src/core/backend/codegen_writer_units.cheng	shared-format	B2 writer/linker unit direct-dispatch facade (unitKey switch; aggregation across x86_64/riscv64/riscv32 buckets, cf coff_object_linker arch hook precedent)
src/core/backend/codegen_encoder_event_units.cheng	shared-format	B3 encoder event unit direct-dispatch facade (kernel consumers reach riscv64 event replay/validate via direct calls; cf codegen_writer_units B2 precedent)
src/core/backend/codegen_x64_body_units.cheng	shared-format	B4 x86_64 body layout/sizing unit direct-dispatch facade (pop reaches x86_64_body_emit layout entries via direct calls; cf codegen_writer_units B2 / codegen_encoder_event_units B3 precedent)
src/core/backend/codegen_a64_body_units.cheng	shared-format	B6 aarch64 body unit direct-dispatch facade (encoder-primitive re-exports + moved-cluster CodegenA64Body* slots; pop clears its aarch64_encode import via direct calls; cf codegen_x64_body_units B4 precedent)
src/core/backend/codegen_a64_fill_units.cheng	aarch64	B6 (2026-08-25) cluster-A moved-out receiver unit (34 fns verbatim: B6a runtime-bridge cluster, B6b pure fill fns, B6d FillSpAdd/FillFrameRestore/CondArm64TrueCode/Emit word helpers); kernel reaches slots via codegen_a64_body_units facade
src/core/backend/codegen_a64_link_units.cheng	shared-format	B7 (2026-08-25) link-time aarch64 encoder-primitive direct-dispatch facade (3 one-line forwards: BlPlaceholder/Adrp/LdrImm; coff/elf linkers clear their aarch64_encode direct import; deliberately does not import codegen_a64_fill_units so linkers do not newly reach the aarch64 unit; cf codegen_a64_body_units B6 precedent)
src/core/backend/codegen_linker_units.cheng	shared-format	B7 (2026-08-25) linker unit direct-dispatch facade (unitKey CodegenLinkerUnitAarch64Coff → coff_object_linker.CoffLinkExeAarch64; separate from codegen_writer_units to keep native_object_emission_plan's closure free of new arch edges; cf codegen_writer_units B2 precedent)
src/core/backend/codegen_regalloc_adapter_units.cheng	shared-format	B8 (2026-08-29) regalloc adapter unit direct-dispatch facade (unitId switch → RegallocAarch64CodegenUnitPrepareFunctionRecipes / RegallocX8664… / RegallocRiscv…64 / …32; clears regalloc_production_emitter's three kernel→arch direct violations; cf codegen_writer_units B2 precedent)
src/core/backend/codegen_darwin_provider_units.cheng	shared-format	B9 (2026-08-29) Darwin provider object unit direct-dispatch facade (single-entry forward to darwin_syscall_provider.DarwinSyscallProviderWriteObject; lets darwin_syscall_provider sit in the aarch64 bucket without turning system_link_exec_runtime into a kernel→arch violation; cf codegen_linker_units B7 precedent)
src/core/backend/darwin_syscall_provider.cheng	aarch64	B9 (2026-08-29) Darwin arm64 syscall/atomic shim provider object writer (imports aarch64_encode; was unattributed since initial commit — Step0 coverage gap closed here)
src/core/backend/codegen_rv_isa_units.cheng	shared-format	R2-C6（2026-09-06）riscv ISA xlen 纯函数直调门面（RvIsaXlenOk/RvIsaEsp32S31Xlen 同名单行转发；backend2_assemble 清 riscv64_encode 裸 import；cf codegen_darwin_provider_units B9 先例）
src/core/backend2/backend2_types.cheng	shared-format	backend2 中立类型权威；kernel（primary_object_plan/codegen_contract/compile_skip_cache）直接消费，无 arch import（R2-C6 定桶）
src/core/backend2/backend2_cid.cheng	shared-format	backend2 中立内容寻址 cid；kernel（primary_object_plan/csg_plugin_pickup/plugin_trade_record）直接消费，无 arch import（R2-C6 定桶）
src/core/backend2/backend2_frag_codec.cheng	shared-format	backend2 中立 fragment 编解码；kernel（lowering_plan/regalloc_single_pass/primary_object_plan/compile_skip_cache）直接消费，无 arch import（R2-C6 定桶）
src/core/backend2/backend2_plugin_cid.cheng	shared-format	backend2 中立插件 cid；kernel（csg_plugin_pickup/plugin_trade_record）直接消费，无 arch import（R2-C6 定桶）
src/core/backend2/backend2_pipeline.cheng	backend2	GEN2 二号后端流水线主编排；R2-C6 起 kernel 组合外（system_link_exec 断单通道边，kernel 侧 --backend backend2 fail-closed 拒收）；直接违规面对本桶把门
src/core/backend2/backend2_lower.cheng	backend2	backend2 下沉段；原 aarch64_encode/x86_64_body_emit 死 import 已删（R2-C6，零调用点实测）
src/core/backend2/backend2_lower_slots.cheng	backend2	backend2 槽位段；原 aarch64_encode/x86_64_body_emit 死 import 已删（R2-C6，零调用点实测）
src/core/backend2/backend2_lower_stmt.cheng	backend2	backend2 语句段；原 aarch64_encode/x86_64_body_emit 死 import 已删（R2-C6，零调用点实测）
src/core/backend2/backend2_lower_util.cheng	backend2	backend2 工具段；原 aarch64_encode/x86_64_body_emit 死 import 已删（R2-C6，零调用点实测）
src/core/backend2/backend2_assemble.cheng	backend2	backend2 汇编段；riscv64_encode 裸 import 改经 codegen_rv_isa_units 门面（R2-C6）
src/core/backend2/backend2_assembler_lifecycle.cheng	backend2	backend2 汇编器生命周期；仅 import kernel/shared 模块，无 arch import（R2-C6 定桶）
src/core/backend2/backend2_fragment_lifecycle.cheng	backend2	backend2 fragment 生命周期；仅 import backend2 中立件，无 arch import（R2-C6 定桶）
