# schema	cheng.move_into.field_completeness.v1
# key	(file, function)；missing 集合只允许减少：新键或旧键新增缺失字段 => exit 1；减少/消失只报告（improved/stale），不失败。
# 列	file	function	type	declared	missing_count	missing_fields	status	reason
#
# 出处：2026-09-10 只读审计（*Into 家族静默漏字段）+ 本门全仓复算（63 个家族函数，3 命中 / 25 全字段 / 35 放行）。
#   [已清零·2026-09-10 P-B] src/core/backend/primary_object_plan.cheng PrimaryBodyIRMoveInto（声明 85 / 曾漏 7）
#       identity 一族（dataRelocationIdentitySealed + localAddressTargetDomainKinds/Rows/Cids）
#       + cstring 目标行（cstringTargetRows/cstringOwnerFunctionFragmentCids）+ exactDef。
#       后果：池化提交后 decode→move 丢字段，下一次 Backend2BodyIrEncode 规范校验 hard panic
#       （backend2_bodyir_codec_data_relocation_identity_invalid sealed=0 cstrings=3）。
#       修复已落地（三条 hunk：补齐 7 字段 + 池帧预校验 tag-19 镜像 + schedule 区间 allowEmpty 实参对齐），
#       本行按棘轮「只许往紧走」删除：hits 3 → 2。复算证据见 .rebuild/run_pb/fix.patch 与 PB_report.md。
#   [真命中 2] src/core/lang/typed_expr.cheng TypedExprIrMoveInto（声明 325 / 漏 22）
#       审计记账 324；本门按源码实数 325——valueDefinitions_borrowOwnerValueDefinitionRows 声明在
#       typed_expr.cheng:1484（类型写在下一行），属真实字段。漏的 22 = valueExpr* 事务/模式/调用元数据
#       列 + originParserNodeStack；其中 valueExprTree/valueExprTreeBorrowLease 是 move 前的 lease 断言
#       字段（语义上不搬运），其余为同族缺口，当前不可观测。
#   [真命中 3] src/core/tooling/lsp_server.cheng lspCandidateWorkerWorkspaceCloneInto（声明 20 / 漏 7）
#       漏 metrics + candidate* 七列；候选 worker 有意留空待回填，但源码无注释说明——"有意但无注释"，
#       建议补注释或改为构造器显式列出，而不是静默略过。
#
# 审计第 4 条"假阳性"：本门按判词放行、故意不写入 baseline（写入会让规则回归被静默放行），
# 可在 `--explain` 逐条核对：
#   a) dst 参数名为 destination 的整体搬运（CompilerCsgProductionLifetimeTransferInto:98、
#      CompilerPayloadLifecycleTransferInto:328）：`destination = state` 是整体拷贝；朴素工具拿首参
#      state 当 dst 会误报 4/17 字段缺失。本门 reason=whole-copy:state->destination。
#   b) 索引/嵌套写与 helper 覆盖：x509CertificateCopyInto（publicKey 经 out.publicKey.kind= 等嵌套写）、
#      ChainNodeCopyInto（address/signature 经 ChainNodeCopyAddress/Signature(out.f,...)）、
#      bigCopyInto/p256FixedCopyInto（limbs 经 out.limbs[i]=）——由 R1/R4 判为已覆盖。
#   c) 委派包装：DiagnosticFailureArtifactCloneInto:708、ParserDiagnosticAuthorityCloneInto:851
#      → reason=delegated-to:<callee>；若 callee 自身命中则记 delegated-to-hit（可见、不静默、不重复计数）。
#   d) 非结构目标（Bytes/str/FixedBytes32 字节拷贝，9 处）与方向不可判（1 处）→ reason 明确，不猜。
src/core/lang/typed_expr.cheng	TypedExprIrMoveInto	TypedExprIr	325	22	valueExprTree,valueExprTreeBorrowLease,valueExprTransactionNodeStart,valueExprPatternParentRows,valueExprPatternRootRows,valueExprPatternRootBindingCounts,valueExprDeclarationBindingPatternRows,valueExprBindingInitializerStatementRootRows,valueExprTransactionDeclarationLocalGroupRows,valueExprTransactionParserProducerSourceIndex,valueExprTransactionProducerSourceIndex,valueExprTransactionDefinitionGroupStart,valueExprTransactionDefinitionGroupRootNodeIndexes,valueExprTransactionDefinitionGroupStartsByRootNodeIndex,valueExprTransactionDefinitionGroupCountsByRootNodeIndex,valueExprTransactionParameterOrdinalLookupCount,valueExprCurrentParamDefinitionNodeIndexes,valueExprCurrentParamValueDefinitionRows,valueExprCurrentParserFunctionRow,valueExprCallMetaResultTypeIds,valueExprCallMetaOriginParserNodeIds,originParserNodeStack	gap-unobservable	同族缺口 22（valueExpr* 事务/模式/调用元数据 + originParserNodeStack；valueExprTree/BorrowLease 为 move 前 lease 断言字段）；当前不可观测
src/core/tooling/lsp_server.cheng	lspCandidateWorkerWorkspaceCloneInto	LspWorkspace	20	7	metrics,candidateBlockedReason,candidateAdmissionReceiptCid,candidateAdmissionCompletedStageBitmap,candidateAdmissionMissingFactBitmap,candidateSourceDocuments,candidateCapturedCompletion	intentional-no-comment	候选 worker 有意留空待回填，但源码无注释；建议补注释或构造器显式列出
