category	role	evidence_count	contract	hard_rule
producer.notrace_shared_base	producer	8	NoTrace delegates to BuildRhsNodeLevel; -1 remains the no-node sentinel.	Do not add a NoTrace-specific fallback that creates node shapes Trace would reject.
producer.call_arg_notrace	producer	10	Whole-call arg nodes are all-or-nothing; any arg -1 keeps callArgNodeStart at sentinel.	Do not partially populate callArgNodeStart/callArgNodeCount after an arg builder returns -1.
producer.wholecall_sentinel	producer	24	WholeCall returns -1 for unsupported shape; downstream consumers must treat it as contract, not bug.	Do not relax WholeCall unsupported-shape gates without first updating every consumer contract and full ZC delta.
consumer.field_arg_materializer	consumer	22	Field call-arg materializer expects no-node cases and hard-fails unsupported field metadata.	Do not make field materialization accept new owner/type shapes as a fallback for missing rhsNodeIndex.
consumer.indexed_member_address	consumer	29	Indexed-member address walker is a strict consumer; non aggregate/ptr base, unsupported index, or bad field metadata returns false.	Do not widen base-kind acceptance such as LocalStrTag outside the op-lane campaign and ZC delta gate.
consumer.call_args_drill	consumer	28	Call-arg lowering drills through known unary wrappers; missing arg node falls to strict field/index materializers.	Do not treat r3DrillCallNode=-1 as permission to synthesize untyped call args.
consumer.call_expr_node_eval	consumer	65	CallExpr node-eval accepts only fully typed call facts; any shape/ordinal/arg mismatch records a NodeEvalMiss and returns false.	Do not add string-runtime kernel construction or ordinal fallback after any side-effectful call emission.
consumer.node_eval_miss	consumer	3	NodeEval miss is an explicit hard-fail accounting surface for unsupported node lowering.	Do not suppress NodeEvalMissAt to make reports look green.
consumer.rhs_node_sentinel_use	consumer	53	Statement lowering branches on rhsNodeIndex >= 0 / -1; changing producer sentinel changes these consumers.	Do not reinterpret rhsNodeIndex=-1 globally; each branch must keep its existing statement-kind contract.
