# schema	cheng.zrpc.kernel.gate.v1
# file	line	category	code
src/core/backend/elf_riscv64_linker.cheng	163	raw-memory-api	rawmem_support.RawmemPtrAdd(seqs.dataPtr(out), start),
src/core/backend/elf_riscv64_linker.cheng	164	raw-memory-api	seqs.dataPtr(data),
src/core/runtime/arena.cheng	10	raw-memory-api	fn arena_rt_malloc(size: int32): cstring
src/core/runtime/arena.cheng	16	raw-memory-api	fn arena_rt_free(p: cstring)
src/core/runtime/arena.cheng	21	raw-memory-api	fn arena_rt_u8_load_at(base: cstring, offset: int32): int32
src/core/runtime/arena.cheng	24	raw-memory-api	fn arena_rt_u8_store_at(base: cstring, offset: int32, value: int32)
src/core/runtime/arena.cheng	27	raw-memory-api	fn arena_rt_u32_load_at(base: cstring, offset: int32): int32
src/core/runtime/arena.cheng	30	raw-memory-api	fn arena_rt_u32_store_at(base: cstring, offset: int32, value: int32)
src/core/runtime/arena.cheng	64	raw-memory-api	return arena_rt_u8_load_at(arena.basePtr, offset)
src/core/runtime/arena.cheng	67	raw-memory-api	arena_rt_u8_store_at(arena.basePtr, offset, value & 255)
src/core/runtime/arena.cheng	71	raw-memory-api	return arena_rt_u32_load_at(arena.basePtr, offset)
src/core/runtime/arena.cheng	74	raw-memory-api	arena_rt_u32_store_at(arena.basePtr, offset, value)
src/core/runtime/arena.cheng	113	raw-memory-api	out.basePtr = arena_rt_malloc(capacityBytes)
src/core/runtime/arena.cheng	140	raw-memory-api	out.basePtr = arena_rt_malloc(src.capacityBytes)
src/core/runtime/arena.cheng	145	raw-memory-api	arena_rt_u8_store_at(out.basePtr, i, arena_rt_u8_load_at(src.basePtr, i))
src/core/runtime/arena.cheng	151	raw-memory-api	arena_rt_free(base)
src/core/runtime/arena.cheng	155	raw-memory-api	arena_rt_free(arena.basePtr)
src/core/runtime/held_exec_identity.cheng	22	ptr-in-sig-ffi	fn heldExecOsPread(fd: int32, buf: ptr, count: int64, offset: int64): int64
src/core/runtime/held_exec_identity.cheng	43	ptr-in-sig-ffi	fn heldExecOsIoctl(fd: int32, request: int32, argp: ptr): int32
src/core/runtime/held_exec_identity.cheng	278	ptr-in-sig-public	fn heldExecPtrPlus(base: ptr, off: int32): ptr =
src/core/runtime/held_exec_identity.cheng	281	ptr-call	return ptr(uint64(base) + uint64(off))
src/std/atomic.cheng	5	ptr-in-sig-ffi	fn atomicFetchAddI32Raw(p: ptr, delta: int32): int32
src/std/atomic.cheng	8	ptr-in-sig-ffi	fn atomicStoreI32(p: ptr, val: int32)
src/std/atomic.cheng	11	ptr-in-sig-ffi	fn atomicLoadI32(p: ptr): int32
src/std/atomic.cheng	14	ptr-in-sig-ffi	fn atomicCasI32(p: ptr, expect: int32, desired: int32): int32
src/std/atomic.cheng	17	ptr-in-sig-ffi	fn c_malloc(size: int64): ptr
src/std/atomic.cheng	19	ptr-in-sig-public	fn Malloc(size: int32): ptr =
src/std/atomic.cheng	38	prefix-&	return atomicLoadI32(&a.value)
src/std/atomic.cheng	45	prefix-&	atomicStoreI32(&a.value, value)
src/std/atomic.cheng	54	prefix-&	return atomicCasI32(&a.value, expect, desired) != 0
src/std/atomic.cheng	61	prefix-&	return atomicFetchAddI32Raw(&a.value, delta)
src/std/bytes.cheng	12	ptr-token	data: ptr
src/std/bytes.cheng	20	ptr-in-sig-ffi	fn c_jpeg_decode(data: ptr, len: int32, out_w: ptr, out_h: ptr): ptr
src/std/bytes.cheng	22	ptr-in-sig-ffi	fn c_jpeg_free(p: ptr)
src/std/bytes.cheng	45	ptr-token	let p: ptr = alloc(len)
src/std/bytes.cheng	214	ptr-token	let wPtr: ptr = alloc(4)
src/std/bytes.cheng	215	ptr-token	let hPtr: ptr = alloc(4)
src/std/bytes.cheng	217	ptr-token	let p: ptr = c_jpeg_decode(data.data, data.len, wPtr, hPtr)
src/std/cmdline.cheng	19	ptr-in-sig-ffi	fn __cheng_setCmdLine(argc: int32, argv: ptr)
src/std/cmdline.cheng	42	ptr-in-sig-public	fn __cheng_captureCmdLine(argc: int32, argv: ptr): void =
src/std/cmdline.cheng	138	ptr-token	let outPtr: ptr = RawmemAsVoid(out)
src/std/cmdline.cheng	174	ptr-token	let argData: ptr = StrDataPtr(arg)
src/std/cmdline.cheng	466	ptr-in-sig-public	fn CaptureCmdLine(argc: int32, argv: ptr) =
src/std/crypto/rand.cheng	9	ptr-in-sig-ffi	fn chengSystemEntropyFill(dst: ptr, len: int32): int32
src/std/crypto/sha256.cheng	180	ptr-in-sig-public	fn StoreU32LERaw(state: ptr, offset: int32, value: int64) =
src/std/crypto/sha256.cheng	209	ptr-in-sig-public	fn cheng_crypto_sha256_compress_block(state: ptr, block: ptr, k256: ptr) =
src/std/crypto/sha256.cheng	267	ptr-in-sig-public	fn sha256CompressBlockHwHost(state: ptr, block: ptr, k256: ptr): int32 =
src/std/crypto/sha256.cheng	278	ptr-in-sig-public	fn cheng_crypto_sha256_serial64_compress(state: ptr, msg: ptr, k256: ptr) =
src/std/crypto/sha256.cheng	287	ptr-in-sig-public	fn sha256Serial64HwHost(state: ptr, msg: ptr, k256: ptr): int32 =
src/std/crypto/sha256.cheng	565	ptr-in-sig-public	fn sha256BytesDataPtr(bytes: rawbytes.Bytes): ptr =
src/std/hashmaps.cheng	28	ptr-token	cacheKeyPtr0: ptr
src/std/hashmaps.cheng	33	ptr-token	cacheKeyPtr1: ptr
src/std/hashmaps.cheng	246	ptr-in-sig-public	fn hashMapHash64StrMetaRaw(dataPtr0: ptr, n: int32): uint64 =
src/std/hashmaps.cheng	258	ptr-in-sig-public	fn hashMapStrPack8(dataPtr0: ptr, n: int32): uint64 =
src/std/hashmaps.cheng	287	ptr-in-sig-public	fn hashMapStrEqMeta(cur: str, keyLen: int32, keyPtr: ptr): bool =
src/std/hashmaps.cheng	293	ptr-token	let curPtr: ptr = cur.data
src/std/hashmaps.cheng	313	ptr-in-sig-public	fn hashMapStrIntCachedSlot(m: HashMapStrInt, keyLen: int32, keyPtr: ptr): int32 =
src/std/hashmaps.cheng	347	ptr-in-sig-public	fn hashMapStrIntRememberSlot(m: var HashMapStrInt, keyLen: int32, keyPtr: ptr, slot: int32) =
src/std/hashmaps.cheng	354	ptr-token	let storedPtr: ptr = m.keys[slot].data
src/std/hashmaps.cheng	478	ptr-token	let keyPtr: ptr = key.data
src/std/hashmaps.cheng	488	ptr-in-sig-public	keyPtr: ptr,
src/std/hashmaps.cheng	543	ptr-token	let keyPtr: ptr = m.keys[oldSlot].data
src/std/hashmaps.cheng	574	ptr-token	let keyPtr: ptr = key.data
src/std/hashmaps.cheng	601	ptr-token	let keyPtr: ptr = key.data
src/std/hashmaps.cheng	625	ptr-token	let keyPtr: ptr = key.data
src/std/hashmaps.cheng	653	ptr-token	let keyPtr: ptr = key.data
src/std/hashmaps.cheng	685	ptr-in-sig-public	fn hashMapStrIntGetOrInsertExPtr(m: var HashMapStrInt, key: str, newVal: int32, foundPtr: ptr = nil): int32 =
src/std/hashmaps.cheng	690	prefix-&	memCopyCompat(foundPtr, &found0, int32(sizeof(bool)))
src/std/hashmaps.cheng	690	raw-memory-api	memCopyCompat(foundPtr, &found0, int32(sizeof(bool)))
src/std/hashmaps.cheng	694	ptr-token	let keyPtr: ptr = key.data
src/std/hashmaps.cheng	699	prefix-&	memCopyCompat(foundPtr, &foundCached, int32(sizeof(bool)))
src/std/hashmaps.cheng	699	raw-memory-api	memCopyCompat(foundPtr, &foundCached, int32(sizeof(bool)))
src/std/hashmaps.cheng	708	prefix-&	memCopyCompat(foundPtr, &found1, int32(sizeof(bool)))
src/std/hashmaps.cheng	708	raw-memory-api	memCopyCompat(foundPtr, &found1, int32(sizeof(bool)))
src/std/hashmaps.cheng	721	prefix-&	memCopyCompat(foundPtr, &found2, int32(sizeof(bool)))
src/std/hashmaps.cheng	721	raw-memory-api	memCopyCompat(foundPtr, &found2, int32(sizeof(bool)))
src/std/hashmaps.cheng	733	prefix-&	return hashMapStrIntGetOrInsertExPtr(m, key, newVal, &found)
src/std/hashmaps.cheng	825	ptr-token	let keyPtr: ptr = key.data
src/std/hashmaps.cheng	848	ptr-token	let keyPtr: ptr = key.data
src/std/hashmaps.cheng	1336	ptr-in-sig-public	fn HashMapStrIntGetOrInsertExPtr(m: var HashMapStrInt, key: str, newVal: int32, foundPtr: ptr = nil): int32 =
src/std/hashmaps.cheng	1340	prefix-&	return hashMapStrIntGetOrInsertExPtr(m, key, newVal, &found)
src/std/json.cheng	9	ptr-in-sig-ffi	fn json_cheng_seq_set_grow(seqPtr: ptr, idx: int32, elemSize: int32): ptr
src/std/json.cheng	603	ptr-token	let dst: ptr = rawmem_support.RawmemPtrAdd(strDataPtr(out), pos)
src/std/json.cheng	604	ptr-token	let src: ptr = rawmem_support.RawmemPtrAdd(strDataPtr(value), start)
src/std/os.cheng	15	ptr-in-sig-ffi	fn os_mem_release(p: ptr)
src/std/os.cheng	63	ptr-token	File = ptr
src/std/os.cheng	183	ptr-token	importc fn cheng_fread(ptr: ptr, size, n: int64, stream: File): int32
src/std/os.cheng	184	ptr-in-sig-public	fn c_fread(ptr: ptr, size, n: int64, stream: File): int32 =
src/std/os.cheng	185	ptr-token	return cheng_fread(ptr, size, n, stream)
src/std/os.cheng	186	ptr-token	importc fn cheng_fwrite(ptr: ptr, size, n: int64, stream: File): int32
src/std/os.cheng	187	ptr-in-sig-public	fn c_fwrite(ptr: ptr, size, n: int64, stream: File): int32 =
src/std/os.cheng	188	ptr-token	return cheng_fwrite(ptr, size, n, stream)
src/std/os.cheng	271	ptr-in-sig-ffi	fn cheng_file_handle_write_all_bridge(handle: FileHandle, data: ptr, dataLen: int32, err: var str): int32
src/std/os.cheng	359	ptr-in-sig-ffi	fn cheng_atomic_tree_write_exclusive_sync_bridge(handle: AtomicTree, relativePath: str, data: ptr, dataLen: int32, err: var str): int32
src/std/os.cheng	363	ptr-in-sig-ffi	fn cheng_atomic_tree_write_exclusive_lease_sync_bridge(handle: AtomicTree, relativePath: str, data: ptr, dataLen: int32, err: var str): int32
src/std/os.cheng	367	ptr-in-sig-ffi	fn cheng_atomic_tree_rewrite_existing_lease_sync_bridge(handle: AtomicTree, relativePath: str, data: ptr, dataLen: int32, err: var str): int32
src/std/os.cheng	501	ptr-token	importc fn libc_write(fd: int32, data: ptr, n: int64): int64
src/std/os.cheng	502	ptr-token	importc fn libc_read(fd: int32, data: ptr, n: int64): int64
src/std/os.cheng	612	ptr-in-sig-ffi	payload: ptr,
src/std/os.cheng	619	ptr-in-sig-ffi	payload: ptr,
src/std/os.cheng	744	ptr-in-sig-ffi	payload: ptr,
src/std/os.cheng	755	ptr-in-sig-ffi	payload: ptr,
src/std/os.cheng	853	ptr-in-sig-ffi	fn driver_c_read_file_all_bridge_into(path: cstring, out: ptr)
src/std/os.cheng	860	ptr-token	importc fn libc_bind(fd: int32, addr: ptr, addrLen: int32): int32
src/std/os.cheng	862	ptr-token	importc fn libc_connect(fd: int32, addr: ptr, addrLen: int32): int32
src/std/os.cheng	863	ptr-token	importc fn libc_accept(fd: int32, addr: ptr, addrLen: var int32): int32
src/std/os.cheng	866	ptr-token	importc fn libc_send(fd: int32, payload: ptr, payloadLen: int32, flags: int32): int32
src/std/os.cheng	867	ptr-token	importc fn libc_recv(fd: int32, payload: ptr, payloadLen: int32, flags: int32): int32
src/std/os.cheng	869	ptr-token	importc fn libc_sendto(fd: int32, payload: ptr, payloadLen: int32, flags: int32, addr: ptr, addrLen: int32): int32
src/std/os.cheng	870	ptr-token	importc fn libc_recvfrom(fd: int32, payload: ptr, payloadLen: int32, flags: int32, addr: ptr, addrLen: var int32): int32
src/std/os.cheng	871	ptr-token	importc fn cheng_recvfrom_fd_ex(fd: int32, payload: ptr, payloadLen: int32, flags: int32, addr: ptr, addrLen: ptr, outErr: var int32): int32
src/std/os.cheng	872	ptr-token	importc fn cheng_udp_recvfrom_addr_bridge(fd: int32, payload: ptr, payloadLen: int32, flags: int32, addr: ptr, addrCap: int32, outAddrLen: var int32, outErr: va
src/std/os.cheng	873	ptr-token	importc fn libc_setsockopt(fd: int32, level: int32, optName: int32, optValue: ptr, optLen: int32): int32
src/std/os.cheng	874	ptr-token	importc fn libc_inet_pton(family: int32, src: cstring, dst: ptr): int32
src/std/os.cheng	875	ptr-token	importc fn libc_inet_ntop(family: int32, src: ptr, dst: ptr, size: int32): ptr
src/std/os.cheng	876	ptr-token	importc fn libc_getsockname(fd: int32, addr: ptr, addrLen: var int32): int32
src/std/os.cheng	923	ptr-token	let textPtr: ptr = libc_inet_ntop(family, src.data, outBuf.data, rawbytes.BytesLen(outBuf))
src/std/os.cheng	1003	ptr-token	let payloadPtr: ptr = payload.data
src/std/os.cheng	1004	ptr-token	let addrPtr: ptr = outAddr.data
src/std/os.cheng	1929	ptr-token	let dataPtr: ptr = bytes.data
src/std/os.cheng	1929	raw-memory-api	let dataPtr: ptr = bytes.data
src/std/os.cheng	1932	raw-memory-api	if dataLen > 0 && dataPtr == nil:
src/std/os.cheng	1935	raw-memory-api	let rc: int32 = cheng_file_handle_write_all_bridge(handle, dataPtr, dataLen, err)
src/std/os.cheng	2434	ptr-call	out.data = ptr(outData)
src/std/os.cheng	2506	ptr-in-sig-public	fn osWriteAllRaw(f: File, data: ptr, total: int32, label: str) =
src/std/os.cheng	2517	raw-memory-api	let chunk: int32 = c_fwrite(SystemPtrAdd(data, written), 1, total - written, f)
src/std/os.cheng	2556	ptr-in-sig-public	fn writeRawFileResult(path: str, data: ptr, dataLen: int32): Result[bool] =
src/std/os.cheng	2568	raw-memory-api	let chunk: int32 = c_fwrite(SystemPtrAdd(data, written), 1, dataLen - written, f)
src/std/os.cheng	2582	ptr-in-sig-public	fn writeRawFileStatus(path: var str, data: ptr, dataLen: int32, outErr: var str): bool =
src/std/os.cheng	2659	raw-memory-api	let chunk = libc_read(fd, SystemPtrAdd(rawbytes.BytesDataPtr(out), offset), Int64(byteCount - offset))
src/std/os.cheng	3984	ptr-in-sig-public	fn C_fwrite(ptr: ptr, size, n: int64, stream: File): int32 =
src/std/os.cheng	3985	ptr-token	return c_fwrite(ptr, size, n, stream)
src/std/rawbytes.cheng	11	ptr-in-sig-ffi	fn chengRawbytesGetAt(base: ptr, idx: int32): int32
src/std/rawbytes.cheng	14	ptr-in-sig-ffi	fn chengRawbytesSetAt(base: ptr, idx: int32, value: int32)
src/std/rawbytes.cheng	19	ptr-token	data: ptr
src/std/rawbytes.cheng	22	ptr-in-sig-public	fn BytesView(data: ptr, length: int32): Bytes =
src/std/rawbytes.cheng	87	ptr-token	let p: ptr = HeapNewCompat(length)
src/std/rawbytes.cheng	131	ptr-in-sig-public	fn BytesDataPtr(b: Bytes): ptr =
src/std/rawbytes.cheng	312	ptr-token	buffer: ptr
src/std/rawbytes.cheng	316	ptr-in-sig-ffi	fn bytesBuilderGrowInst(seqPtr: ptr, minCap: int32, elemSize: int32)
src/std/rawbytes.cheng	324	prefix-&	bytesBuilderGrowInst(&out, capacityHint, 1)
src/std/rawbytes.cheng	342	prefix-&	bytesBuilderGrowInst(&b, needLen, 1)
src/std/rawbytes.cheng	349	prefix-&	bytesBuilderGrowInst(&b, needLen, 1)
src/std/rawmem_support.cheng	6	ptr-in-sig-ffi	fn rawmemMemcpyBridgeCompat(dst: ptr, src: ptr, n: int64): ptr
src/std/rawmem_support.cheng	9	ptr-in-sig-ffi	fn rawmemPtrAdd(p: ptr, off: int32): ptr
src/std/rawmem_support.cheng	12	ptr-in-sig-ffi	fn rawmemCopyRaw(dst: ptr, src: ptr, n: int32)
src/std/rawmem_support.cheng	15	ptr-in-sig-ffi	fn rawmemSet(dst: ptr, byte: int32, n: int32)
src/std/rawmem_support.cheng	18	ptr-in-sig-ffi	fn rawmemWriteI8(dst: ptr, idx: int32, v: int8)
src/std/rawmem_support.cheng	21	ptr-in-sig-ffi	fn rawmemWriteChar(dst: ptr, idx: int32, c: char)
src/std/rawmem_support.cheng	24	ptr-in-sig-ffi	fn rawmemReadI8(dst: ptr, idx: int32): int8
src/std/rawmem_support.cheng	27	ptr-in-sig-ffi	fn rawmemReadChar(dst: ptr, idx: int32): char
src/std/rawmem_support.cheng	30	ptr-in-sig-ffi	fn rawmemReadI32(dst: ptr, idx: int32): int32
src/std/rawmem_support.cheng	32	ptr-in-sig-public	fn rawmemAsVoid(v: str): ptr =
src/std/rawmem_support.cheng	39	ptr-in-sig-public	fn rawmemAsVoid(v: cstring): ptr =
src/std/rawmem_support.cheng	40	ptr-call	return ptr(v)
src/std/rawmem_support.cheng	42	ptr-in-sig-public	fn rawmemAsVoid(v: ptr): ptr =
src/std/rawmem_support.cheng	45	ptr-in-sig-public	fn rawmemCopy(dst: ptr, src: ptr, n: int32) =
src/std/rawmem_support.cheng	46	ptr-token	let dst0: ptr = dst
src/std/rawmem_support.cheng	47	ptr-token	let src0: ptr = src
src/std/rawmem_support.cheng	53	ptr-in-sig-public	fn RawmemPtrAdd(p: ptr, off: int32): ptr =
src/std/rawmem_support.cheng	58	ptr-in-sig-public	fn RawmemAsVoid(v: str): ptr =
src/std/rawmem_support.cheng	65	ptr-in-sig-public	fn RawmemAsVoid(v: cstring): ptr =
src/std/rawmem_support.cheng	66	ptr-call	return ptr(v)
src/std/rawmem_support.cheng	68	ptr-in-sig-public	fn RawmemAsVoid(v: ptr): ptr =
src/std/rawmem_support.cheng	71	ptr-in-sig-public	fn RawmemCopy(dst: ptr, src: ptr, n: int32) =
src/std/rawmem_support.cheng	74	ptr-in-sig-public	fn RawmemSet(dst: ptr, byte: int32, n: int32) =
src/std/rawmem_support.cheng	77	ptr-in-sig-public	fn RawmemWriteI8(dst: ptr, idx: int32, v: int8) =
src/std/rawmem_support.cheng	80	ptr-in-sig-public	fn RawmemWriteChar(dst: ptr, idx: int32, c: char) =
src/std/rawmem_support.cheng	83	ptr-in-sig-public	fn RawmemReadI8(dst: ptr, idx: int32): int8 =
src/std/rawmem_support.cheng	86	ptr-in-sig-public	fn RawmemReadChar(dst: ptr, idx: int32): char =
src/std/rawmem_support.cheng	89	ptr-in-sig-public	fn RawmemReadI32(dst: ptr, idx: int32): int32 =
src/std/seqs.cheng	8	ptr-token	buffer: ptr
src/std/seqs.cheng	13	ptr-in-sig-ffi	fn cheng_seq_string_release_range_compat(buffer: ptr, startIndex: int32, count: int32)
src/std/seqs.cheng	15	ptr-in-sig-ffi	fn cheng_seq_string_delete_shift_compat(buffer: ptr, at: int32, len: int32)
src/std/seqs.cheng	18	ptr-in-sig-ffi	fn cheng_seq_set_grow(seqInst: var str[], idx: int32, elemSize: int32): ptr
src/std/seqs.cheng	20	ptr-in-sig-ffi	fn cheng_seq_delete_shift(buffer: ptr, at: int32, len: int32, elemSize: int32)
src/std/seqs.cheng	22	ptr-in-sig-ffi	fn chengSeqSliceRaw(buffer: ptr, len: int32, startPos: int32, stopPos: int32,
src/std/seqs.cheng	23	ptr-in-sig-ffi	exclusive: int32, elemSize: int32, outLen: ptr, outCap: ptr): ptr
src/std/seqs.cheng	25	ptr-in-sig-ffi	fn cheng__seqGrowToRaw(pBuffer: ptr, pCap: ptr, minCap: int32, typeSize: int32)
src/std/seqs.cheng	29	ptr-in-sig-ffi	fn cheng__seqZeroTailRaw(buffer: ptr, seqCap0: int32, len: int32, target: int32, typeSize: int32)
src/std/seqs.cheng	31	ptr-in-sig-ffi	fn seqs_mem_release(p: ptr)
src/std/seqs.cheng	78	ptr-token	let freeSeqStrBufRaw: ptr = seqInst.buffer
src/std/seqs.cheng	142	ptr-in-sig-public	fn dataPtr(seqInst: T[]): ptr =
src/std/seqs.cheng	142	raw-memory-api	fn dataPtr(seqInst: T[]): ptr =
src/std/seqs.cheng	199	ptr-token	let freeSeqPtrStrBufRaw: ptr = seqInst.buffer
src/std/strings.cheng	18	ptr-in-sig-public	fn stringsNewStringCopy(raw: ptr, count: int32): str =
src/std/strings.cheng	98	ptr-token	let outData: ptr = StrDataPtr(out)
src/std/strings.cheng	110	ptr-token	let dataA: ptr = StrDataPtr(s1)
src/std/strings.cheng	111	ptr-token	let dataB: ptr = StrDataPtr(s2)
src/std/strings.cheng	124	ptr-token	let outData: ptr = StrDataPtr(out)
src/std/strings.cheng	130	raw-memory-api	let outTail = SystemPtrAdd(outData, lenA)
src/std/strings.cheng	143	ptr-token	let data: ptr = StrDataPtr(s)
src/std/strings.cheng	155	ptr-token	let data: ptr = StrDataPtr(s)
src/std/strutils.cheng	8	ptr-in-sig-ffi	fn strutils_cheng_seq_set_grow(seqPtr: ptr, idx: int32, elemSize: int32): ptr
src/std/strutils.cheng	12	ptr-in-sig-ffi	fn strutils_cheng_seq_string_register_compat(seqPtr: ptr)
src/std/strutils.cheng	14	ptr-in-sig-ffi	fn strutils_cheng_seq_string_buffer_register_compat(buffer: ptr)
src/std/strutils.cheng	19	ptr-in-sig-ffi	fn strutils_driver_c_new_string(size: int32): ptr
src/std/strutils.cheng	22	ptr-in-sig-ffi	fn strutils_driver_c_new_string_copy_n(raw: ptr, count: int32): ptr
src/std/strutils.cheng	31	ptr-in-sig-public	fn strutilsLoadStrSlot(slotPtr: ptr): str =
src/std/strutils.cheng	34	ptr-in-sig-public	fn strutilsBorrowStrSlot(slotPtr: ptr): str =
src/std/strutils.cheng	48	ptr-in-sig-public	fn strutilsNewStringCopy(raw: ptr, count: int32): str =
src/std/strutils.cheng	51	ptr-token	let copied: ptr = strutils_driver_c_new_string_copy_n(raw, count)
src/std/strutils.cheng	60	ptr-token	let raw: ptr = StrDataPtr(out)
src/std/strutils.cheng	91	ptr-token	let src: ptr = rawmem_support.RawmemPtrAdd(StrDataPtr(s), s0)
src/std/strutils.cheng	171	ptr-token	let src: ptr = rawmem_support.RawmemPtrAdd(StrDataPtr(s), start)
src/std/strutils.cheng	246	ptr-token	let outData: ptr = StrDataPtr(out)
src/std/strutils.cheng	252	ptr-token	let sepData: ptr = StrDataPtr(sep)
src/std/strutils.cheng	255	raw-memory-api	rawmem_support.RawmemCopy(SystemPtrAdd(outData, offset), sepData, sepLen)
src/std/strutils.cheng	259	ptr-token	let partData: ptr = StrDataPtr(parts[i])
src/std/strutils.cheng	262	raw-memory-api	rawmem_support.RawmemCopy(SystemPtrAdd(outData, offset), partData, partLen)
src/std/strutils.cheng	318	raw-memory-api	SystemPtrAdd(outData, outputIndex),
src/std/system.cheng	4	ptr-token	cstring = ptr
src/std/system.cheng	6	ptr-token	data: ptr
src/std/system.cheng	13	ptr-token	buffer: ptr
src/std/system.cheng	330	ptr-in-sig-ffi	fn system_ptr_add(p: ptr, off: int32): ptr
src/std/system.cheng	331	ptr-in-sig-public	fn SystemPtrAdd(p: ptr, off: int32): ptr =
src/std/system.cheng	331	raw-memory-api	fn SystemPtrAdd(p: ptr, off: int32): ptr =
src/std/system.cheng	348	ptr-in-sig-public	fn strDataPtr(s: str): ptr =
src/std/system.cheng	355	ptr-in-sig-public	fn StrDataPtr(s: str): ptr =
src/std/system.cheng	377	ptr-in-sig-public	fn strViewWithFlags(data: ptr, len: int32, storeId: int32, flags: int32): str =
src/std/system.cheng	387	ptr-in-sig-public	fn strViewUnsafe(data: ptr, len: int32): str =
src/std/system.cheng	473	ptr-token	let dataPtr0: ptr = strDataPtr(msg)
src/std/system.cheng	486	ptr-in-sig-public	fn panicPtrBridge(msg: ptr) =
src/std/system.cheng	507	ptr-in-sig-public	fn PanicPtrBridge(msg: ptr) =
src/std/system.cheng	512	ptr-in-sig-public	fn assertPtrBridgeRuntime(cond: bool, msg: ptr) =
src/std/system.cheng	518	ptr-in-sig-public	fn assertPtrBridge(cond: bool, msg: ptr) =
src/std/system.cheng	528	ptr-in-sig-public	fn AssertPtrBridge(cond: bool, msg: ptr) =
src/std/system.cheng	545	ptr-in-sig-ffi	fn heapNewLegacy(size: int32): ptr
src/std/system.cheng	547	ptr-in-sig-ffi	fn heapNewCompat(size: int32): ptr
src/std/system.cheng	548	ptr-in-sig-public	fn HeapNewCompat(size: int32): ptr =
src/std/system.cheng	551	ptr-in-sig-ffi	fn free(p: ptr)
src/std/system.cheng	552	ptr-in-sig-public	fn Free(p: ptr) =
src/std/system.cheng	555	ptr-in-sig-ffi	fn heapResizeLegacy(p: ptr, size: int32): ptr
src/std/system.cheng	557	ptr-in-sig-ffi	fn heapResizeCompat(p: ptr, size: int32): ptr
src/std/system.cheng	560	ptr-in-sig-ffi	fn memRetain(p: ptr)
src/std/system.cheng	562	ptr-in-sig-ffi	fn memRelease(p: ptr)
src/std/system.cheng	564	ptr-in-sig-ffi	fn memScopeEscape(p: ptr)
src/std/system.cheng	567	ptr-in-sig-ffi	fn memRefCount(p: ptr): int32
src/std/system.cheng	570	ptr-in-sig-ffi	fn memRetainAtomic(p: ptr)
src/std/system.cheng	572	ptr-in-sig-ffi	fn memReleaseAtomic(p: ptr)
src/std/system.cheng	575	ptr-in-sig-ffi	fn memRefCountAtomic(p: ptr): int32
src/std/system.cheng	2200	ptr-in-sig-ffi	fn chengSeqHdrLenGet(seqPtr: ptr): int32
src/std/system.cheng	2203	ptr-in-sig-ffi	fn chengSeqHdrLenSet(seqPtr: ptr, value: int32)
src/std/system.cheng	2206	ptr-in-sig-ffi	fn chengSeqHdrCapGet(seqPtr: ptr): int32
src/std/system.cheng	2209	ptr-in-sig-ffi	fn chengSeqHdrCapSet(seqPtr: ptr, value: int32)
src/std/system.cheng	2212	ptr-in-sig-ffi	fn chengSeqHdrBufferGet(seqPtr: ptr): ptr
src/std/system.cheng	2215	ptr-in-sig-ffi	fn chengSeqHdrBufferSet(seqPtr: ptr, value: ptr)
src/std/system.cheng	2217	raw-memory-api	fn cheng_seq_free(seqInst: var int32[])
src/std/system.cheng	2220	raw-memory-api	cheng_seq_free(seqInst)
src/std/system.cheng	2228	ptr-in-sig-ffi	fn atomicCasI32AtPtr(p: ptr, expect: int32, desired: int32): int32
src/std/system.cheng	2230	ptr-in-sig-ffi	fn atomicStoreI32AtPtr(p: ptr, val: int32)
src/std/system.cheng	2232	ptr-in-sig-ffi	fn atomicLoadI32AtPtr(p: ptr): int32
src/std/system.cheng	2281	prefix-&	return atomicLoadI32AtPtr(SystemPtrAdd(ptr(&runtimeHeldOutputAtomicStates), row * 4))
src/std/system.cheng	2281	ptr-call	return atomicLoadI32AtPtr(SystemPtrAdd(ptr(&runtimeHeldOutputAtomicStates), row * 4))
src/std/system.cheng	2281	raw-memory-api	return atomicLoadI32AtPtr(SystemPtrAdd(ptr(&runtimeHeldOutputAtomicStates), row * 4))
src/std/system.cheng	2285	prefix-&	atomicStoreI32AtPtr(SystemPtrAdd(ptr(&runtimeHeldOutputAtomicStates), row * 4), state)
src/std/system.cheng	2285	ptr-call	atomicStoreI32AtPtr(SystemPtrAdd(ptr(&runtimeHeldOutputAtomicStates), row * 4), state)
src/std/system.cheng	2285	raw-memory-api	atomicStoreI32AtPtr(SystemPtrAdd(ptr(&runtimeHeldOutputAtomicStates), row * 4), state)
src/std/system.cheng	2293	prefix-&	SystemPtrAdd(ptr(&runtimeHeldOutputAtomicStates), row * 4), expected, desired) != 0
src/std/system.cheng	2293	ptr-call	SystemPtrAdd(ptr(&runtimeHeldOutputAtomicStates), row * 4), expected, desired) != 0
src/std/system.cheng	2293	raw-memory-api	SystemPtrAdd(ptr(&runtimeHeldOutputAtomicStates), row * 4), expected, desired) != 0
src/std/system.cheng	2298	prefix-&	SystemPtrAdd(ptr(&runtimeHeldOutputAtomicLocks), row * 4), 0, 1) != 0
src/std/system.cheng	2298	ptr-call	SystemPtrAdd(ptr(&runtimeHeldOutputAtomicLocks), row * 4), 0, 1) != 0
src/std/system.cheng	2298	raw-memory-api	SystemPtrAdd(ptr(&runtimeHeldOutputAtomicLocks), row * 4), 0, 1) != 0
src/std/system.cheng	2302	prefix-&	atomicStoreI32AtPtr(SystemPtrAdd(ptr(&runtimeHeldOutputAtomicLocks), row * 4), 0)
src/std/system.cheng	2302	ptr-call	atomicStoreI32AtPtr(SystemPtrAdd(ptr(&runtimeHeldOutputAtomicLocks), row * 4), 0)
src/std/system.cheng	2302	raw-memory-api	atomicStoreI32AtPtr(SystemPtrAdd(ptr(&runtimeHeldOutputAtomicLocks), row * 4), 0)
src/std/system.cheng	2306	prefix-&	return atomicLoadI32AtPtr(SystemPtrAdd(ptr(&runtimeHeldOutputAtomicGenerations), row * 4))
src/std/system.cheng	2306	ptr-call	return atomicLoadI32AtPtr(SystemPtrAdd(ptr(&runtimeHeldOutputAtomicGenerations), row * 4))
src/std/system.cheng	2306	raw-memory-api	return atomicLoadI32AtPtr(SystemPtrAdd(ptr(&runtimeHeldOutputAtomicGenerations), row * 4))
src/std/system.cheng	2310	prefix-&	atomicStoreI32AtPtr(SystemPtrAdd(ptr(&runtimeHeldOutputAtomicGenerations), row * 4), value)
src/std/system.cheng	2310	ptr-call	atomicStoreI32AtPtr(SystemPtrAdd(ptr(&runtimeHeldOutputAtomicGenerations), row * 4), value)
src/std/system.cheng	2310	raw-memory-api	atomicStoreI32AtPtr(SystemPtrAdd(ptr(&runtimeHeldOutputAtomicGenerations), row * 4), value)
src/std/system.cheng	2314	prefix-&	return atomicLoadI32AtPtr(SystemPtrAdd(ptr(&runtimeHeldOutputAtomicOwners), row * 4))
src/std/system.cheng	2314	ptr-call	return atomicLoadI32AtPtr(SystemPtrAdd(ptr(&runtimeHeldOutputAtomicOwners), row * 4))
src/std/system.cheng	2314	raw-memory-api	return atomicLoadI32AtPtr(SystemPtrAdd(ptr(&runtimeHeldOutputAtomicOwners), row * 4))
src/std/system.cheng	2318	prefix-&	atomicStoreI32AtPtr(SystemPtrAdd(ptr(&runtimeHeldOutputAtomicOwners), row * 4), value)
src/std/system.cheng	2318	ptr-call	atomicStoreI32AtPtr(SystemPtrAdd(ptr(&runtimeHeldOutputAtomicOwners), row * 4), value)
src/std/system.cheng	2318	raw-memory-api	atomicStoreI32AtPtr(SystemPtrAdd(ptr(&runtimeHeldOutputAtomicOwners), row * 4), value)
src/std/system.cheng	2332	prefix-&	return atomicLoadI32AtPtr(SystemPtrAdd(ptr(&runtimeHeldOutputStaticLanes), offset * 4))
src/std/system.cheng	2332	ptr-call	return atomicLoadI32AtPtr(SystemPtrAdd(ptr(&runtimeHeldOutputStaticLanes), offset * 4))
src/std/system.cheng	2332	raw-memory-api	return atomicLoadI32AtPtr(SystemPtrAdd(ptr(&runtimeHeldOutputStaticLanes), offset * 4))
src/std/system.cheng	2339	prefix-&	atomicStoreI32AtPtr(SystemPtrAdd(ptr(&runtimeHeldOutputStaticLanes), offset * 4), value)
src/std/system.cheng	2339	ptr-call	atomicStoreI32AtPtr(SystemPtrAdd(ptr(&runtimeHeldOutputStaticLanes), offset * 4), value)
src/std/system.cheng	2339	raw-memory-api	atomicStoreI32AtPtr(SystemPtrAdd(ptr(&runtimeHeldOutputStaticLanes), offset * 4), value)
src/std/system.cheng	2429	ptr-in-sig-ffi	fn heapAllocLegacy(size: int32): ptr
src/std/system.cheng	2430	ptr-in-sig-public	fn alloc(size: int32): ptr =
src/std/system.cheng	2433	ptr-in-sig-ffi	fn heapFreeLegacy(p: ptr)
src/std/system.cheng	2462	ptr-in-sig-ffi	fn cheng_ptr_to_u64(p: ptr): uint64
src/std/system.cheng	2464	ptr-in-sig-ffi	fn ptrToU64(p: ptr): uint64
src/std/system.cheng	2466	ptr-in-sig-ffi	fn cheng_seq_get(buffer: ptr, len: int32, idx: int32, elemSize: int32): ptr
src/std/system.cheng	2469	ptr-in-sig-ffi	fn cheng_seq_set(buffer: ptr, len: int32, idx: int32, elemSize: int32): ptr
src/std/system.cheng	2472	ptr-in-sig-ffi	fn get_ptr(seqInst: ChengSeqHeader, at: int32): ptr
src/std/system.cheng	2475	ptr-in-sig-ffi	fn set_ptr(seqInst: var ChengSeqHeader, at: int32, val: ptr)
src/std/system.cheng	2477	ptr-in-sig-ffi	fn ptrStoreCompat(p: ptr, val: ptr)
src/std/system.cheng	2479	ptr-in-sig-ffi	fn ptrLoadCompat(p: ptr): ptr
src/std/system.cheng	2481	ptr-in-sig-ffi	fn int32StoreCompat(p: ptr, val: int32)
src/std/system.cheng	2483	ptr-in-sig-ffi	fn int32LoadCompat(p: ptr): int32
src/std/system.cheng	2485	ptr-in-sig-ffi	fn chengStrBridgeLoadCompatInto(out_raw: ptr, p: ptr)
src/std/system.cheng	2487	ptr-in-sig-ffi	fn rawmemWriteI8Compat(dst: ptr, idx: int32, v: int8)
src/std/system.cheng	2488	ptr-in-sig-public	fn RawmemWriteI8Compat(dst: ptr, idx: int32, v: int8) =
src/std/system.cheng	2491	ptr-in-sig-ffi	fn memCopyCompat(dest, src: ptr, size: int32)
src/std/system.cheng	2491	raw-memory-api	fn memCopyCompat(dest, src: ptr, size: int32)
src/std/system.cheng	2492	ptr-in-sig-public	fn MemCopyCompat(dest, src: ptr, size: int32) =
src/std/system.cheng	2493	raw-memory-api	memCopyCompat(dest, src, size)
src/std/system.cheng	2495	ptr-in-sig-ffi	fn memSetCompat(dest: ptr, val: int32, size: int32)
src/std/system.cheng	2497	ptr-in-sig-ffi	fn memZeroCompat(dest: ptr, size: int32)
src/std/system.cheng	2504	ptr-token	let slot: ptr = cheng_seq_get(seqInst.buffer, seqLen, i, elemBytes)
src/std/system.cheng	2506	prefix-&	memCopyCompat(&out, slot, elemBytes)
src/std/system.cheng	2506	raw-memory-api	memCopyCompat(&out, slot, elemBytes)
src/std/system.cheng	2512	ptr-token	let slot: ptr = cheng_seq_set(seqInst.buffer, seqLen, i, int32(sizeof(T)))
src/std/system.cheng	2513	prefix-&	memCopyCompat(slot, &val, int32(sizeof(T)))
src/std/system.cheng	2513	raw-memory-api	memCopyCompat(slot, &val, int32(sizeof(T)))
src/std/system.cheng	2515	ptr-in-sig-public	fn chengStrLoadCompat(slot: ptr): str =
src/std/system.cheng	2528	ptr-in-sig-public	fn chengStrBorrowLoadCompat(slot: ptr): str =
src/std/system.cheng	2539	ptr-in-sig-public	fn chengStrStoreCompat(slot: ptr, val: str) =
src/std/system.cheng	2544	ptr-token	let prevData: ptr = ptrLoadCompat(slot)
src/std/system.cheng	2546	ptr-token	var nextData: ptr
src/std/system.cheng	2585	ptr-in-sig-ffi	fn ptrStoreLegacy(p: ptr, val: ptr)
src/std/system.cheng	2588	ptr-in-sig-ffi	fn ptrLoadLegacy(p: ptr): ptr
src/std/system.cheng	2589	ptr-in-sig-public	fn store(p: ptr, val: T) =
src/std/system.cheng	2591	prefix-&	memCopyCompat(p, &tmp, elemSize[T]())
src/std/system.cheng	2591	raw-memory-api	memCopyCompat(p, &tmp, elemSize[T]())
src/std/system.cheng	2592	ptr-in-sig-public	fn load(p: ptr): T =
src/std/system.cheng	2594	prefix-&	memCopyCompat(&out, p, elemSize[T]())
src/std/system.cheng	2594	raw-memory-api	memCopyCompat(&out, p, elemSize[T]())
src/std/system.cheng	2596	ptr-token	importc fn memCopyLegacy(dest, src: ptr, size: int32)
src/std/system.cheng	2597	ptr-token	importc fn memSetLegacy(dest: ptr, val: int32, size: int32)
src/std/system.cheng	2599	ptr-in-sig-ffi	fn memZeroLegacy(dest: ptr, size: int32)
src/std/system.cheng	2601	ptr-in-sig-ffi	fn cmpMem(a, b: ptr, size: int64): int32
src/std/system.cheng	2791	raw-memory-api	memCopyCompat(strDataPtr(out), strDataPtr(a), nLeft)
src/std/system.cheng	2793	raw-memory-api	memCopyCompat(system_ptr_add(strDataPtr(out), nLeft), strDataPtr(b), nRight)
src/std/system.cheng	2834	ptr-token	let raw: ptr = HeapNewCompat(len + 1)
src/std/system.cheng	2843	ptr-in-sig-public	fn strFromBytesCopy(src: ptr, len: int32): str =
src/std/system.cheng	2852	raw-memory-api	memCopyCompat(out.data, src, len)
src/std/system.cheng	2854	ptr-in-sig-public	fn StrFromBytesCopy(src: ptr, len: int32): str =
src/std/system.cheng	2861	ptr-call	out = strViewUnsafe(ptr(raw), n)
src/std/system.cheng	2868	ptr-call	out.data = ptr(raw)
src/std/system.cheng	2877	ptr-call	let out: str = strFromBytesCopy(ptr(raw), n)
src/std/system.cheng	2895	ptr-in-sig-public	fn ptrToCStringTemp(s: ptr): cstring =
src/std/system.cheng	2903	ptr-in-sig-public	fn newStringCopy(raw: ptr, count: int32): str =
src/std/system.cheng	2909	ptr-in-sig-public	fn NewStringCopy(raw: ptr, count: int32): str =
src/std/thread.cheng	11	ptr-in-sig-ffi	fn thread_start_raw(fnPtr: ptr, ctx: ptr): ptr
src/std/thread.cheng	14	ptr-in-sig-ffi	fn thread_spawn_raw(fnPtr: ptr, ctx: ptr): int32
src/std/thread.cheng	17	ptr-in-sig-ffi	fn thread_start0_raw(entry: fn()): ptr
src/std/thread.cheng	23	ptr-in-sig-ffi	fn thread_join_raw(handle: ptr): int32
src/std/thread.cheng	26	ptr-in-sig-ffi	fn thread_detach_raw(handle: ptr): int32
src/std/thread.cheng	32	ptr-in-sig-ffi	fn thread_call_indirect_void(fnPtr: ptr, ctx: ptr)
src/std/thread.cheng	35	ptr-in-sig-ffi	fn thread_call_indirect_i32(fnPtr: ptr, ctx: ptr, a: int32, b: int32): int32
src/std/thread.cheng	39	ptr-token	handle: ptr
src/std/thread.cheng	44	ptr-token	entry: ptr
src/std/thread.cheng	45	ptr-token	ctx: ptr
src/std/thread.cheng	53	ptr-token	body: ptr
src/std/thread.cheng	54	ptr-token	bodyCtx: ptr
src/std/thread.cheng	70	ptr-in-sig-public	fn thread_spawn_trampoline_ptr(raw: ptr) =
src/std/thread.cheng	82	ptr-in-sig-public	fn ThreadFromHandle(handle: ptr): Thread =
src/std/thread.cheng	94	ptr-in-sig-public	fn Start(entry: ptr): Thread =
src/std/thread.cheng	117	ptr-in-sig-public	fn StartPtr(entry: ptr, ctx: ptr): Thread =
src/std/thread.cheng	164	ptr-in-sig-public	fn Spawn(entry: ptr): bool =
src/std/thread.cheng	184	ptr-in-sig-public	fn SpawnPtr(entry: ptr, ctx: ptr): bool =
src/std/thread.cheng	224	ptr-in-sig-public	fn thread_pool_worker_main(raw: ptr) =
src/std/thread.cheng	230	ptr-in-sig-public	fn ParallelForInitCtx(count: int32, body: ptr, bodyCtx: ptr): ParallelForCtx =
src/std/thread.cheng	254	ptr-in-sig-public	fn ParallelForStartWorker(workerCtx: ParallelWorkerCtx): ptr =
src/std/thread.cheng	255	prefix-&	let handle = thread_start_raw(&thread_pool_worker_main, workerCtx)
src/std/thread.cheng	262	ptr-in-sig-public	fn ParallelForJoinAll(workers: ptr[]) =
src/std/thread.cheng	271	ptr-token	var workers: ptr[]
src/std/thread.cheng	285	ptr-in-sig-public	body: ptr,
src/std/thread.cheng	286	ptr-in-sig-public	bodyCtx: ptr) =
