cheng_android_ink_overlay_lazy_bind	21565	21576
cheng_android_register_window	21706	21727
cheng_android_unregister_window	21729	21746
cheng_android_surface_dimension	21748	21753
cheng_android_surface_css_px	21755	21764
cheng_gui_host_route_is_fullscreen_video	21768	21771
cheng_android_image_texture_receipt_ready	21867	21890
cheng_android_video_texture_receipt_ready	21892	21920
cheng_resolve_required_app_export	21948	21960
cheng_android_crc32_u8	22065	22075
cheng_android_gl_abort_if_false	22077	22082
cheng_android_gl_compile_shader	22084	22100
cheng_android_gl_link_program	22102	22123
cheng_android_gpu_init_programs	22125	22387
cheng_android_gpu_destroy	22393	22472
cheng_android_gpu_ensure	22474	22523
cheng_android_gpu_ensure_offscreen	22528	22579
cheng_mobile_host_begin_offscreen_capture	22584	22587
cheng_mobile_host_read_offscreen_pixels	22589	22614
cheng_mobile_host_end_offscreen_capture	22616	22624
cheng_android_gpu_color_from_argb	22626	22631
cheng_android_max_int	22633	22635
cheng_android_min_int	22637	22639
cheng_android_framebuffer_width_for	22641	22643
cheng_android_framebuffer_height_for	22645	22647
cheng_android_div_floor_i64	22649	22657
cheng_android_div_ceil_i64	22659	22667
cheng_android_scale_logical_to_framebuffer	22669	22674
cheng_android_scale_logical_to_framebuffer_ceil	22676	22681
cheng_android_gpu_set_scissor_top_left	22683	22699
cheng_android_gpu_set_scaled_scissor_top_left	22701	22710
cheng_android_gpu_intersect_clip	22712	22730
cheng_android_gpu_draw_rect_shape	22780	22808
cheng_android_gpu_draw_rect	22810	22812
cheng_android_gpu_draw_stroke_rect	22814	22816
cheng_android_gpu_draw_svg_circle_pattern	22818	22835
cheng_android_gpu_draw_box_shadow	22837	22900
cheng_android_gpu_gradient_points	22902	22919
cheng_android_gpu_draw_linear_gradient	22921	22972
cheng_android_media_source_display_size	22976	22988
cheng_android_clamp_unit_float	22990	22998
cheng_android_media_object_fit_rect	23000	23057
cheng_android_gpu_draw_texture_uv_rect	23059	23092
cheng_android_gpu_draw_texture_uv	23094	23098
cheng_android_gpu_draw_texture	23100	23102
cheng_android_gpu_draw_texture_object_fit	23104	23115
cheng_android_texture_transform_identity	23117	23128
cheng_android_normalize_video_rotation_degrees	23130	23139
cheng_android_rotated_uv	23141	23159
cheng_android_gpu_draw_external_texture	23161	23214
cheng_android_gpu_draw_texture_object_fit_rot	23222	23272
cheng_android_gpu_draw_external_texture_object_fit	23274	23338
cheng_android_gpu_draw_framebuffer_texture	23340	23342
cheng_android_find_image_texture	23344	23354
cheng_android_image_texture_uploaded	23356	23358
cheng_android_gpu_upload_image_texture	23360	23377
cheng_android_gpu_draw_image_texture	23379	23391
cheng_android_find_media_texture	23393	23410
cheng_android_find_or_allocate_media_texture	23412	23423
cheng_android_media_texture_for_command	23425	23430
cheng_android_gpu_draw_media_surface_texture	23432	23486
cheng_android_gpu_draw_registered_media_surfaces	23496	23509
cheng_android_hash31	23511	23521
cheng_android_is_hex_sha256	23523	23535
cheng_mobile_host_register_media_surface_texture	23537	23579
cheng_mobile_host_upload_image_atlas	23581	23677
cheng_android_find_svg_display_list	23679	23689
cheng_android_svg_primitive_valid	23691	23719
cheng_android_gpu_draw_svg_triangles	23721	23741
cheng_android_gpu_draw_svg_segment	23743	23767
cheng_android_gpu_draw_svg_rect_path	23769	23779
cheng_android_gpu_draw_svg_ellipse_path	23781	23799
cheng_android_gpu_normalize_rotation_degrees	23801	23811
cheng_android_gpu_rotate_point_90	23813	23838
cheng_android_gpu_draw_svg_display_list	23840	23934
cheng_mobile_host_upload_svg_display_list_atlas	23936	24013
cheng_android_glyph_sdf_tile_crosses_glyph	24015	24034
cheng_android_glyph_sdf_choose_tile_height	24036	24058
cheng_android_gpu_upload_glyph_sdf_atlas	24060	24113
cheng_android_find_layer_cache	24115	24125
cheng_android_ensure_layer_cache	24127	24175
cheng_android_drop_layer_cache	24177	24186
cheng_android_drop_all_layer_caches	24188	24203
cheng_android_find_glyph_sdf_atlas	24205	24215
cheng_android_ensure_glyph_sdf_atlas	24217	24232
cheng_android_glyph_sdf_atlas_uploaded	24234	24236
cheng_android_find_glyph_sdf_glyph	24238	24247
cheng_android_find_glyph_sdf_run	24249	24258
cheng_android_glyph_sdf_texture_scale	24260	24269
cheng_android_glyph_sdf_run_visual_bounds	24271	24333
cheng_android_gpu_draw_text_sdf	24335	24425
cheng_mobile_host_upload_glyph_sdf_atlas_common	24427	24666
cheng_mobile_host_upload_glyph_sdf_atlas	24668	24670
cheng_mobile_host_upload_glyph_sdf_atlas_bytes	24672	24674
cheng_mobile_host_upload_glyph_sdf_atlas_metadata	24676	24678
cheng_android_gpu_draw_layer_cache	24680	24704
cheng_android_render_gpu_commands_to_layer_cache	24706	24828
cheng_mobile_host_present	24830	24862
cheng_mobile_host_present_gpu_commands	24864	25009
cheng_mobile_host_present_media_surface_commands	25011	25139
cheng_mobile_host_present_compositor_frame	25141	25417
cheng_mobile_host_set_ink_fade	25423	25431
cheng_mobile_host_upload_ink_field	25432	25445
cheng_android_gpu_draw_ink_field	25447	25504
cheng_mobile_host_present_overlay_refresh	25509	25604
