name	start	end	class
cheng_log	25788	25788	KEEP
cheng_host_compat_sysprop	25789	25789	OTHER
cheng_host_media_texture_pump	25791	25791	OTHER
cheng_android_invalidate_cached_compositor_frame	25792	25792	OTHER
cheng_host_egl_window_surface	25832	25834	DISCARD
cheng_host_window_set_geometry	25836	25842	DISCARD
cheng_host_window_width	25844	25847	DISCARD
cheng_host_window_height	25849	25852	DISCARD
cheng_host_window_lock	25856	25859	DISCARD
cheng_host_window_unlock_post	25862	25864	DISCARD
cheng_host_window_acquire	25867	25870	DISCARD
cheng_host_window_release	25873	25875	DISCARD
cheng_harmony_read_asset_file_fallback	25890	25914	KEEP
cheng_harmony_rawfile_path	25916	25925	KEEP
cheng_host_read_asset	25933	25976	KEEP
cheng_mobile_host_read_glyph_sdf_pixel_asset	25978	25980	KEEP
cheng_mobile_host_trace_step	25982	25984	KEEP
cheng_mobile_host_read_scene_data_asset	25986	25988	KEEP
cheng_harmony_read_raw_text	25990	26025	DISCARD
cheng_harmony_apply_runtime_payloads	26027	26050	DISCARD
cheng_harmony_apply_launch_args	26052	26071	DISCARD
cheng_harmony_init_runtime	26073	26100	DISCARD
ChengSetResourceManager	26102	26121	DISCARD
ChengHarmonyHostNapiInit	26123	26129	DISCARD
ChengHarmonyHostRegisterModule	26133	26141	DISCARD
cheng_resolve_exports	26178	26352	KEEP
cheng_harmony_register_media_surfaces	26362	26363	DISCARD
cheng_ohos_decode_image_rgba	26365	26420	KEEP
cheng_host_extract_rawfile_to_cache	26425	26452	KEEP
cheng_ohos_decode_video_poster_rgba	26462	26531	KEEP
cheng_mobile_host_prepare_media_surface_texture	26533	26880	KEEP
OnVSync	26893	26913	DISCARD
cheng_harmony_request_frame	26915	26921	DISCARD
ChengVideoVSyncCallback	26939	26946	KEEP
cheng_video_vsync_engage	26955	26970	KEEP
cheng_video_vsync_disengage	26980	26982	KEEP
cheng_harmony_drop_egl_surface	26984	26993	DISCARD
OnSurfaceCreated	26995	27013	DISCARD
OnSurfaceChanged	27015	27031	DISCARD
OnSurfaceDestroyed	27033	27044	DISCARD
OnDispatchTouchEvent	27046	27075	DISCARD
cheng_gui_host_resolve_own_ips	27096	27130	KEEP
cheng_gui_host_own_ip_for_peer	27132	27147	KEEP
cheng_gui_host_peer_matches_own_ip	27149	27154	KEEP
cheng_media_diag	27157	27159	KEEP
cheng_read_rss_kb	27161	27171	KEEP
cheng_gl_compile_shader	27173	27184	KEEP
cheng_leak_audit_record	27220	27224	KEEP
cheng_leak_audit_tick	27226	27263	KEEP
cheng_file_picker_ext_eq	27276	27284	KEEP
cheng_file_picker_mime_for_path	27286	27304	KEEP
cheng_file_picker_read_all	27306	27327	KEEP
cheng_base64_encode	27329	27358	KEEP
cheng_file_picker_data_url	27360	27375	KEEP
cheng_file_picker_read_text	27377	27388	KEEP
cheng_gui_host_file_picker_deliver	27390	27496	KEEP
cheng_gui_host_on_back	27506	27521	KEEP
