cheng_harmony_rawfile_path	25703	25712
cheng_host_egl_window_surface	25716	25718
cheng_host_window_set_geometry	25720	25726
cheng_host_window_width	25728	25731
cheng_host_window_height	25733	25736
cheng_host_window_lock	25740	25743
cheng_host_window_unlock_post	25746	25748
cheng_host_window_acquire	25751	25754
cheng_host_window_release	25757	25759
cheng_harmony_read_asset_file_fallback	25774	25798
cheng_host_read_asset	25806	25849
cheng_mobile_host_read_glyph_sdf_pixel_asset	25851	25853
cheng_mobile_host_trace_step	25855	25857
cheng_mobile_host_read_scene_data_asset	25859	25861
cheng_harmony_read_raw_text	25863	25898
cheng_harmony_apply_runtime_payloads	25900	25923
cheng_harmony_apply_launch_args	25925	25944
cheng_harmony_init_runtime	25946	25973
ChengSetResourceManager	25975	25994
ChengHarmonyHostNapiInit	25996	26002
ChengHarmonyHostRegisterModule	26006	26014
cheng_resolve_exports	26051	26223
cheng_harmony_register_media_surfaces	26233	26234
cheng_ohos_decode_image_rgba	26236	26291
cheng_host_extract_rawfile_to_cache	26296	26323
cheng_ohos_decode_video_poster_rgba	26333	26402
OnVSync	26764	26784
cheng_harmony_request_frame	26786	26792
ChengVideoVSyncCallback	26810	26817
cheng_video_vsync_engage	26826	26841
cheng_video_vsync_disengage	26851	26853
cheng_harmony_drop_egl_surface	26855	26864
OnSurfaceCreated	26866	26884
OnSurfaceChanged	26886	26902
OnSurfaceDestroyed	26904	26915
OnDispatchTouchEvent	26917	26946
cheng_gui_host_resolve_own_ips	26967	27000
cheng_gui_host_own_ip_for_peer	27002	27014
cheng_gui_host_peer_matches_own_ip	27016	27021
cheng_media_diag	27024	27026
cheng_read_rss_kb	27028	27038
cheng_gl_compile_shader	27040	27051
cheng_leak_audit_record	27087	27091
cheng_leak_audit_tick	27093	27130
cheng_file_picker_ext_eq	27143	27151
cheng_file_picker_mime_for_path	27153	27171
cheng_base64_encode	27196	27225
cheng_file_picker_data_url	27227	27242
cheng_file_picker_read_text	27244	27255
cheng_gui_host_on_back	27373	27388
