1789259735	mine_kb=1408	mine_n=1	total_kb=32136372	nproc=804
1789259737	mine_kb=87824	mine_n=2	total_kb=32119252	nproc=802
1789259739	mine_kb=100848	mine_n=2	total_kb=32196724	nproc=802
1789259741	mine_kb=106272	mine_n=2	total_kb=32236484	nproc=802
1789259743	mine_kb=104336	mine_n=2	total_kb=32785812	nproc=796
1789259745	mine_kb=101344	mine_n=2	total_kb=32460724	nproc=799
1789259747	mine_kb=104528	mine_n=2	total_kb=32292276	nproc=789
1789259749	mine_kb=105008	mine_n=2	total_kb=32339780	nproc=788
1789259751	mine_kb=127376	mine_n=2	total_kb=32233956	nproc=783
1789259753	mine_kb=147696	mine_n=2	total_kb=32393812	nproc=783
1789259755	mine_kb=149584	mine_n=2	total_kb=32418020	nproc=783
1789259757	mine_kb=150240	mine_n=2	total_kb=32420484	nproc=780
1789259759	mine_kb=164336	mine_n=2	total_kb=32493668	nproc=780
1789259761	mine_kb=157136	mine_n=2	total_kb=32288980	nproc=779
1789259764	mine_kb=188624	mine_n=2	total_kb=32290644	nproc=778
1789259766	mine_kb=211808	mine_n=2	total_kb=32413572	nproc=783
1789259768	mine_kb=248480	mine_n=2	total_kb=32513492	nproc=783
1789259770	mine_kb=249920	mine_n=2	total_kb=32458004	nproc=783
1789259772	mine_kb=320784	mine_n=2	total_kb=32687812	nproc=786
1789259774	mine_kb=271552	mine_n=2	total_kb=32731684	nproc=786
1789259776	mine_kb=280384	mine_n=2	total_kb=32761444	nproc=787
1789259778	mine_kb=296368	mine_n=2	total_kb=32565236	nproc=783
1789259780	mine_kb=316544	mine_n=2	total_kb=32620756	nproc=783
1789259782	mine_kb=320800	mine_n=2	total_kb=32648052	nproc=783
1789259784	mine_kb=325920	mine_n=2	total_kb=32720916	nproc=786
1789259786	mine_kb=358512	mine_n=2	total_kb=32703060	nproc=783
1789259788	mine_kb=421872	mine_n=2	total_kb=32807956	nproc=783
1789259790	mine_kb=354400	mine_n=2	total_kb=32702740	nproc=783
1789259792	mine_kb=370592	mine_n=2	total_kb=32734948	nproc=784
1789259794	mine_kb=373568	mine_n=2	total_kb=32717620	nproc=785
1789259796	mine_kb=393056	mine_n=2	total_kb=32750708	nproc=785
1789259799	mine_kb=374240	mine_n=2	total_kb=32725940	nproc=783
1789259801	mine_kb=377936	mine_n=2	total_kb=32822820	nproc=783
1789259803	mine_kb=377968	mine_n=2	total_kb=32818548	nproc=783
1789259805	mine_kb=377968	mine_n=2	total_kb=32850484	nproc=788
1789259807	mine_kb=377968	mine_n=2	total_kb=32817828	nproc=781
1789259809	mine_kb=400064	mine_n=2	total_kb=32912308	nproc=781
1789259811	mine_kb=404080	mine_n=2	total_kb=32927892	nproc=781
1789259813	mine_kb=413936	mine_n=2	total_kb=32935732	nproc=781
1789259815	mine_kb=408320	mine_n=2	total_kb=32990740	nproc=784
1789259817	mine_kb=426448	mine_n=2	total_kb=32901636	nproc=784
1789259819	mine_kb=443696	mine_n=2	total_kb=32988212	nproc=784
1789259821	mine_kb=457040	mine_n=2	total_kb=32916996	nproc=781
1789259823	mine_kb=477664	mine_n=2	total_kb=33012600	nproc=781
1789259825	mine_kb=492880	mine_n=2	total_kb=33133708	nproc=783
1789259827	mine_kb=501600	mine_n=2	total_kb=33079884	nproc=784
1789259829	mine_kb=529616	mine_n=2	total_kb=33256412	nproc=785
1789259831	mine_kb=549296	mine_n=2	total_kb=33271468	nproc=785
1789259833	mine_kb=559184	mine_n=2	total_kb=33320860	nproc=785
1789259836	mine_kb=568768	mine_n=2	total_kb=33397276	nproc=787
1789259838	mine_kb=574864	mine_n=2	total_kb=33438684	nproc=790
1789259840	mine_kb=578512	mine_n=2	total_kb=33128892	nproc=795
1789259842	mine_kb=579808	mine_n=2	total_kb=33161036	nproc=794
1789259844	mine_kb=580304	mine_n=2	total_kb=33218028	nproc=797
1789259846	mine_kb=580416	mine_n=2	total_kb=33525452	nproc=796
1789259848	mine_kb=580560	mine_n=2	total_kb=33585580	nproc=798
1789259850	mine_kb=580560	mine_n=2	total_kb=33652012	nproc=798
1789259852	mine_kb=615296	mine_n=2	total_kb=33732540	nproc=798
1789259854	mine_kb=617968	mine_n=2	total_kb=33821244	nproc=801
1789259856	mine_kb=622352	mine_n=2	total_kb=33679324	nproc=800
1789259858	mine_kb=625408	mine_n=2	total_kb=33740764	nproc=801
1789259860	mine_kb=628928	mine_n=2	total_kb=33724652	nproc=803
1789259862	mine_kb=687776	mine_n=2	total_kb=33821900	nproc=799
1789259864	mine_kb=636784	mine_n=2	total_kb=33849500	nproc=802
1789259866	mine_kb=681648	mine_n=2	total_kb=33761084	nproc=801
1789259869	mine_kb=754672	mine_n=2	total_kb=33714588	nproc=797
1789259871	mine_kb=728352	mine_n=2	total_kb=33645004	nproc=794
1789259873	mine_kb=732880	mine_n=2	total_kb=33647116	nproc=788
1789259875	mine_kb=587728	mine_n=2	total_kb=33653372	nproc=791
1789259877	mine_kb=603120	mine_n=2	total_kb=33511436	nproc=787
1789259879	mine_kb=590016	mine_n=2	total_kb=33488476	nproc=783
1789259881	mine_kb=620160	mine_n=2	total_kb=33500300	nproc=782
1789259883	mine_kb=593744	mine_n=2	total_kb=33391612	nproc=779
1789259885	mine_kb=594976	mine_n=2	total_kb=33474972	nproc=781
1789259887	mine_kb=612496	mine_n=2	total_kb=33506988	nproc=778
1789259889	mine_kb=610528	mine_n=2	total_kb=33396924	nproc=778
1789259891	mine_kb=603472	mine_n=2	total_kb=33336780	nproc=778
1789259893	mine_kb=729232	mine_n=2	total_kb=33448908	nproc=778
1789259895	mine_kb=640080	mine_n=2	total_kb=33439036	nproc=781
1789259897	mine_kb=642928	mine_n=2	total_kb=33520444	nproc=787
1789259899	mine_kb=707104	mine_n=2	total_kb=33595804	nproc=789
1789259902	mine_kb=807872	mine_n=2	total_kb=33724412	nproc=786
1789259904	mine_kb=790416	mine_n=2	total_kb=33670796	nproc=785
1789259906	mine_kb=645776	mine_n=2	total_kb=33549756	nproc=787
1789259908	mine_kb=646144	mine_n=2	total_kb=33575004	nproc=786
1789259910	mine_kb=654208	mine_n=2	total_kb=33615628	nproc=786
1789259912	mine_kb=649184	mine_n=2	total_kb=33812892	nproc=786
1789259914	mine_kb=649296	mine_n=2	total_kb=33822620	nproc=791
1789259916	mine_kb=649584	mine_n=2	total_kb=33866540	nproc=787
1789259918	mine_kb=650864	mine_n=2	total_kb=33848716	nproc=782
1789259920	mine_kb=650976	mine_n=2	total_kb=33795964	nproc=785
1789259922	mine_kb=651040	mine_n=2	total_kb=33759804	nproc=785
1789259924	mine_kb=651040	mine_n=2	total_kb=33919484	nproc=788
1789259926	mine_kb=651056	mine_n=2	total_kb=33799164	nproc=785
1789259928	mine_kb=651056	mine_n=2	total_kb=33799372	nproc=785
1789259930	mine_kb=651056	mine_n=2	total_kb=33823116	nproc=785
1789259932	mine_kb=651056	mine_n=2	total_kb=33844044	nproc=785
1789259934	mine_kb=651056	mine_n=2	total_kb=33885820	nproc=788
1789259936	mine_kb=651056	mine_n=2	total_kb=33858188	nproc=786
1789259938	mine_kb=651056	mine_n=2	total_kb=33841132	nproc=785
1789259941	mine_kb=651056	mine_n=2	total_kb=33912076	nproc=785
1789259943	mine_kb=651056	mine_n=2	total_kb=34401180	nproc=790
1789259945	mine_kb=651056	mine_n=2	total_kb=34123212	nproc=792
1789259947	mine_kb=651056	mine_n=2	total_kb=33853540	nproc=789
1789259949	mine_kb=716400	mine_n=2	total_kb=33807940	nproc=789
1789259951	mine_kb=789920	mine_n=2	total_kb=33687716	nproc=789
1789259953	mine_kb=718688	mine_n=2	total_kb=33736868	nproc=789
1789259955	mine_kb=718688	mine_n=2	total_kb=33687412	nproc=796
1789259957	mine_kb=436704	mine_n=2	total_kb=32901588	nproc=793
1789259959	mine_kb=399552	mine_n=2	total_kb=32638228	nproc=793
1789259961	mine_kb=408688	mine_n=2	total_kb=32702372	nproc=793
1789259963	mine_kb=403488	mine_n=2	total_kb=32740228	nproc=793
1789259965	mine_kb=416592	mine_n=2	total_kb=32813332	nproc=796
1789259967	mine_kb=428736	mine_n=2	total_kb=32764564	nproc=793
1789259969	mine_kb=464672	mine_n=2	total_kb=32801700	nproc=793
1789259972	mine_kb=474784	mine_n=2	total_kb=32764100	nproc=793
1789259974	mine_kb=482160	mine_n=2	total_kb=32883780	nproc=796
1789259976	mine_kb=487952	mine_n=2	total_kb=32872836	nproc=795
1789259978	mine_kb=499200	mine_n=2	total_kb=32880564	nproc=796
1789259980	mine_kb=513456	mine_n=2	total_kb=32946340	nproc=798
1789259982	mine_kb=531632	mine_n=2	total_kb=33009140	nproc=801
1789259984	mine_kb=521520	mine_n=2	total_kb=33015668	nproc=802
1789259986	mine_kb=529552	mine_n=2	total_kb=33089428	nproc=800
1789259988	mine_kb=559456	mine_n=2	total_kb=33208724	nproc=808
1789259990	mine_kb=586192	mine_n=2	total_kb=33226676	nproc=806
1789259992	mine_kb=591488	mine_n=2	total_kb=33280276	nproc=813
1789259994	mine_kb=596016	mine_n=2	total_kb=33377060	nproc=809
1789259997	mine_kb=592336	mine_n=2	total_kb=33398020	nproc=808
1789259999	mine_kb=540544	mine_n=2	total_kb=33202884	nproc=808
1789260001	mine_kb=544976	mine_n=2	total_kb=32327076	nproc=810
1789260003	mine_kb=553008	mine_n=2	total_kb=31790852	nproc=810
1789260005	mine_kb=558048	mine_n=2	total_kb=31749412	nproc=815
1789260007	mine_kb=563840	mine_n=2	total_kb=31812916	nproc=813
1789260009	mine_kb=576640	mine_n=2	total_kb=31984148	nproc=812
1789260011	mine_kb=587616	mine_n=2	total_kb=32407940	nproc=811
1789260013	mine_kb=591312	mine_n=2	total_kb=32451380	nproc=811
1789260015	mine_kb=599568	mine_n=2	total_kb=32536260	nproc=815
1789260017	mine_kb=615024	mine_n=2	total_kb=32471732	nproc=808
1789260019	mine_kb=617568	mine_n=2	total_kb=32486276	nproc=807
1789260022	mine_kb=641040	mine_n=2	total_kb=32540004	nproc=806
1789260024	mine_kb=624432	mine_n=2	total_kb=32556532	nproc=806
1789260026	mine_kb=629616	mine_n=2	total_kb=32476340	nproc=802
1789260028	mine_kb=672496	mine_n=2	total_kb=32161060	nproc=801
1789260030	mine_kb=686880	mine_n=2	total_kb=32140036	nproc=796
1789260032	mine_kb=692480	mine_n=2	total_kb=32145828	nproc=795
1789260034	mine_kb=647744	mine_n=2	total_kb=32080836	nproc=795
1789260036	mine_kb=722048	mine_n=2	total_kb=32184260	nproc=795
1789260038	mine_kb=726512	mine_n=2	total_kb=32158452	nproc=801
1789260040	mine_kb=728864	mine_n=2	total_kb=32264900	nproc=799
1789260042	mine_kb=691024	mine_n=2	total_kb=31782212	nproc=797
1789260044	mine_kb=692368	mine_n=2	total_kb=31137940	nproc=800
1789260046	mine_kb=695504	mine_n=2	total_kb=31162644	nproc=796
1789260048	mine_kb=703552	mine_n=2	total_kb=31273956	nproc=796
1789260050	mine_kb=673520	mine_n=2	total_kb=31333924	nproc=796
1789260053	mine_kb=686016	mine_n=2	total_kb=31239460	nproc=793
1789260055	mine_kb=686688	mine_n=2	total_kb=31383236	nproc=803
1789260057	mine_kb=692320	mine_n=2	total_kb=31298564	nproc=793
1789260059	mine_kb=696848	mine_n=2	total_kb=31327012	nproc=793
1789260061	mine_kb=699088	mine_n=2	total_kb=31328596	nproc=793
1789260063	mine_kb=699264	mine_n=2	total_kb=31415236	nproc=793
1789260065	mine_kb=689392	mine_n=2	total_kb=31475924	nproc=796
1789260067	mine_kb=688384	mine_n=2	total_kb=31027060	nproc=793
1789260069	mine_kb=684128	mine_n=2	total_kb=30902324	nproc=793
1789260071	mine_kb=684368	mine_n=2	total_kb=30941220	nproc=794
1789260073	mine_kb=684464	mine_n=2	total_kb=30926772	nproc=793
1789260075	mine_kb=684464	mine_n=2	total_kb=31109044	nproc=797
1789260077	mine_kb=684032	mine_n=2	total_kb=30829796	nproc=794
1789260079	mine_kb=684032	mine_n=2	total_kb=30836004	nproc=797
1789260082	mine_kb=672576	mine_n=2	total_kb=30748468	nproc=797
1789260084	mine_kb=672576	mine_n=2	total_kb=30742500	nproc=797
1789260086	mine_kb=672576	mine_n=2	total_kb=30766596	nproc=797
1789260088	mine_kb=672576	mine_n=2	total_kb=30918852	nproc=805
1789260090	mine_kb=672576	mine_n=2	total_kb=31053572	nproc=808
1789260092	mine_kb=672576	mine_n=2	total_kb=31144036	nproc=809
1789260094	mine_kb=672576	mine_n=2	total_kb=31232420	nproc=812
1789260096	mine_kb=672576	mine_n=2	total_kb=31047028	nproc=809
1789260098	mine_kb=672576	mine_n=2	total_kb=30991908	nproc=809
1789260100	mine_kb=672576	mine_n=2	total_kb=31076452	nproc=812
1789260102	mine_kb=672576	mine_n=2	total_kb=31061076	nproc=811
1789260104	mine_kb=672576	mine_n=2	total_kb=31181636	nproc=815
1789260106	mine_kb=672576	mine_n=2	total_kb=31093732	nproc=812
1789260109	mine_kb=672576	mine_n=2	total_kb=31145412	nproc=813
1789260111	mine_kb=672576	mine_n=2	total_kb=31196564	nproc=813
1789260113	mine_kb=672576	mine_n=2	total_kb=31228644	nproc=813
1789260115	mine_kb=672576	mine_n=2	total_kb=31306868	nproc=816
1789260117	mine_kb=672576	mine_n=2	total_kb=31196068	nproc=820
1789260119	mine_kb=672576	mine_n=2	total_kb=31284724	nproc=820
1789260121	mine_kb=672576	mine_n=2	total_kb=31234036	nproc=813
1789260123	mine_kb=672576	mine_n=2	total_kb=31292548	nproc=813
1789260125	mine_kb=672576	mine_n=2	total_kb=31486884	nproc=819
1789260127	mine_kb=672576	mine_n=2	total_kb=31424852	nproc=815
1789260129	mine_kb=672576	mine_n=2	total_kb=31165796	nproc=806
1789260131	mine_kb=672576	mine_n=2	total_kb=31033588	nproc=802
1789260133	mine_kb=668160	mine_n=2	total_kb=30827540	nproc=798
1789260135	mine_kb=668160	mine_n=2	total_kb=30981956	nproc=801
1789260138	mine_kb=668160	mine_n=2	total_kb=30812084	nproc=796
1789260140	mine_kb=668160	mine_n=2	total_kb=31293332	nproc=796
1789260142	mine_kb=668160	mine_n=2	total_kb=31378820	nproc=795
1789260144	mine_kb=663968	mine_n=2	total_kb=31314292	nproc=797
1789260146	mine_kb=619136	mine_n=2	total_kb=30333268	nproc=798
1789260148	mine_kb=711840	mine_n=2	total_kb=29605996	nproc=795
1789260150	mine_kb=754512	mine_n=2	total_kb=29668220	nproc=794
1789260152	mine_kb=776448	mine_n=2	total_kb=29746972	nproc=795
1789260154	mine_kb=786608	mine_n=2	total_kb=29878412	nproc=799
1789260156	mine_kb=794800	mine_n=2	total_kb=29823660	nproc=796
1789260158	mine_kb=812944	mine_n=2	total_kb=30099500	nproc=797
1789260161	mine_kb=828736	mine_n=2	total_kb=29904764	nproc=796
1789260163	mine_kb=835008	mine_n=2	total_kb=29876044	nproc=795
1789260165	mine_kb=906736	mine_n=2	total_kb=30103372	nproc=798
1789260167	mine_kb=961232	mine_n=2	total_kb=30086028	nproc=797
1789260169	mine_kb=995712	mine_n=2	total_kb=30173244	nproc=795
1789260171	mine_kb=1011104	mine_n=2	total_kb=30259900	nproc=795
1789260173	mine_kb=1037456	mine_n=2	total_kb=30255980	nproc=795
1789260175	mine_kb=1075744	mine_n=2	total_kb=30460428	nproc=798
1789260177	mine_kb=1071360	mine_n=2	total_kb=30342588	nproc=791
1789260179	mine_kb=1097696	mine_n=2	total_kb=30422332	nproc=791
1789260181	mine_kb=1132544	mine_n=2	total_kb=30496716	nproc=798
1789260183	mine_kb=1162176	mine_n=2	total_kb=30480060	nproc=791
1789260185	mine_kb=1170512	mine_n=2	total_kb=30575868	nproc=795
1789260188	mine_kb=1170752	mine_n=2	total_kb=30572796	nproc=789
1789260190	mine_kb=1178448	mine_n=2	total_kb=30592924	nproc=791
1789260192	mine_kb=1179264	mine_n=2	total_kb=30658764	nproc=791
1789260194	mine_kb=1182048	mine_n=2	total_kb=30693628	nproc=791
1789260196	mine_kb=1194848	mine_n=2	total_kb=30704956	nproc=792
1789260198	mine_kb=1241760	mine_n=2	total_kb=30901436	nproc=797
1789260200	mine_kb=1245872	mine_n=2	total_kb=30538492	nproc=796
1789260202	mine_kb=1245904	mine_n=2	total_kb=29920428	nproc=799
1789260204	mine_kb=1245952	mine_n=2	total_kb=30042156	nproc=803
1789260206	mine_kb=1245952	mine_n=2	total_kb=30042012	nproc=802
1789260208	mine_kb=1246000	mine_n=2	total_kb=30772572	nproc=802
1789260210	mine_kb=1246208	mine_n=2	total_kb=30639212	nproc=802
1789260212	mine_kb=1234912	mine_n=2	total_kb=30512892	nproc=803
1789260214	mine_kb=1134560	mine_n=2	total_kb=30401404	nproc=813
1789260217	mine_kb=1014112	mine_n=2	total_kb=29543644	nproc=817
1789260219	mine_kb=835712	mine_n=2	total_kb=28509156	nproc=808
1789260221	mine_kb=836240	mine_n=2	total_kb=28407812	nproc=805
1789260223	mine_kb=836992	mine_n=2	total_kb=28525940	nproc=805
1789260225	mine_kb=840768	mine_n=2	total_kb=28653748	nproc=808
1789260227	mine_kb=841712	mine_n=2	total_kb=28666388	nproc=804
1789260229	mine_kb=842240	mine_n=2	total_kb=28776868	nproc=807
