1789190118	mine_kb=256	mine_n=1	total_kb=41116004	nproc=878
1789190120	mine_kb=82992	mine_n=2	total_kb=41179092	nproc=873
1789190122	mine_kb=84288	mine_n=2	total_kb=41203044	nproc=872
1789190124	mine_kb=94208	mine_n=2	total_kb=41191988	nproc=872
1789190126	mine_kb=86752	mine_n=2	total_kb=41193076	nproc=872
1789190128	mine_kb=92848	mine_n=2	total_kb=41218740	nproc=872
1789190130	mine_kb=92224	mine_n=2	total_kb=41219876	nproc=872
1789190132	mine_kb=91584	mine_n=2	total_kb=41224500	nproc=872
1789190134	mine_kb=118800	mine_n=2	total_kb=41255364	nproc=872
1789190136	mine_kb=132352	mine_n=2	total_kb=41264932	nproc=872
1789190139	mine_kb=133536	mine_n=2	total_kb=41356516	nproc=875
1789190141	mine_kb=143280	mine_n=2	total_kb=41291956	nproc=872
1789190143	mine_kb=136736	mine_n=2	total_kb=41817892	nproc=873
1789190145	mine_kb=172240	mine_n=2	total_kb=42003652	nproc=873
1789190147	mine_kb=196256	mine_n=2	total_kb=42197716	nproc=873
1789190149	mine_kb=241904	mine_n=2	total_kb=42556596	nproc=876
1789190151	mine_kb=244320	mine_n=2	total_kb=42823428	nproc=873
1789190153	mine_kb=292064	mine_n=2	total_kb=43902756	nproc=876
1789190155	mine_kb=271248	mine_n=2	total_kb=44009044	nproc=876
1789190157	mine_kb=284720	mine_n=2	total_kb=44221844	nproc=877
1789190159	mine_kb=300944	mine_n=2	total_kb=44139188	nproc=880
1789190161	mine_kb=319360	mine_n=2	total_kb=43043620	nproc=877
1789190163	mine_kb=325040	mine_n=2	total_kb=43182804	nproc=877
1789190165	mine_kb=351312	mine_n=2	total_kb=43347332	nproc=877
1789190167	mine_kb=421408	mine_n=2	total_kb=43291252	nproc=877
1789190169	mine_kb=359744	mine_n=2	total_kb=43366980	nproc=880
1789190171	mine_kb=371488	mine_n=2	total_kb=43339188	nproc=877
1789190173	mine_kb=392416	mine_n=2	total_kb=43351364	nproc=877
1789190176	mine_kb=392432	mine_n=2	total_kb=43387156	nproc=877
1789190178	mine_kb=377264	mine_n=2	total_kb=43200420	nproc=876
1789190180	mine_kb=377264	mine_n=2	total_kb=43324340	nproc=886
1789190182	mine_kb=377264	mine_n=2	total_kb=43261284	nproc=876
1789190184	mine_kb=393680	mine_n=2	total_kb=43311076	nproc=876
1789190186	mine_kb=403008	mine_n=2	total_kb=43297316	nproc=876
1789190188	mine_kb=405104	mine_n=2	total_kb=43050996	nproc=877
1789190190	mine_kb=421936	mine_n=2	total_kb=43201572	nproc=880
1789190192	mine_kb=416112	mine_n=2	total_kb=43121684	nproc=877
1789190194	mine_kb=440304	mine_n=2	total_kb=43207060	nproc=875
1789190196	mine_kb=450544	mine_n=2	total_kb=43226660	nproc=876
1789190198	mine_kb=465856	mine_n=2	total_kb=43243940	nproc=876
1789190200	mine_kb=483696	mine_n=2	total_kb=43293332	nproc=877
1789190202	mine_kb=497312	mine_n=2	total_kb=43292404	nproc=876
1789190204	mine_kb=528416	mine_n=2	total_kb=43531972	nproc=876
1789190206	mine_kb=549456	mine_n=2	total_kb=43540804	nproc=876
1789190208	mine_kb=561376	mine_n=2	total_kb=43617652	nproc=879
1789190211	mine_kb=570448	mine_n=2	total_kb=43585396	nproc=877
1789190213	mine_kb=576784	mine_n=2	total_kb=43619300	nproc=877
1789190215	mine_kb=579200	mine_n=2	total_kb=43614628	nproc=877
1789190217	mine_kb=579936	mine_n=2	total_kb=43627108	nproc=877
1789190219	mine_kb=580112	mine_n=2	total_kb=43719444	nproc=880
1789190221	mine_kb=580160	mine_n=2	total_kb=43640020	nproc=877
1789190223	mine_kb=580208	mine_n=2	total_kb=43635572	nproc=877
1789190225	mine_kb=580208	mine_n=2	total_kb=43785668	nproc=877
1789190227	mine_kb=615680	mine_n=2	total_kb=43836948	nproc=877
1789190229	mine_kb=621104	mine_n=2	total_kb=43915556	nproc=880
1789190231	mine_kb=640624	mine_n=2	total_kb=43847140	nproc=877
1789190233	mine_kb=631664	mine_n=2	total_kb=43850084	nproc=877
1789190235	mine_kb=651056	mine_n=2	total_kb=43959460	nproc=877
1789190237	mine_kb=631056	mine_n=2	total_kb=43969220	nproc=877
1789190239	mine_kb=643664	mine_n=2	total_kb=44068260	nproc=880
1789190241	mine_kb=726368	mine_n=2	total_kb=44056852	nproc=877
1789190243	mine_kb=727056	mine_n=2	total_kb=44080020	nproc=880
1789190246	mine_kb=731584	mine_n=2	total_kb=44093380	nproc=877
1789190248	mine_kb=594016	mine_n=2	total_kb=43975812	nproc=877
1789190250	mine_kb=601856	mine_n=2	total_kb=44084660	nproc=880
1789190252	mine_kb=596992	mine_n=2	total_kb=43996996	nproc=877
1789190254	mine_kb=594736	mine_n=2	total_kb=44031380	nproc=877
1789190256	mine_kb=619776	mine_n=2	total_kb=44061876	nproc=877
1789190258	mine_kb=594992	mine_n=2	total_kb=44034148	nproc=877
1789190260	mine_kb=597808	mine_n=2	total_kb=44131796	nproc=880
1789190262	mine_kb=602224	mine_n=2	total_kb=44060948	nproc=877
1789190264	mine_kb=674112	mine_n=2	total_kb=44135156	nproc=877
1789190266	mine_kb=638784	mine_n=2	total_kb=44108516	nproc=877
1789190268	mine_kb=672192	mine_n=2	total_kb=44140100	nproc=877
1789190270	mine_kb=729328	mine_n=2	total_kb=44206036	nproc=877
1789190272	mine_kb=783600	mine_n=2	total_kb=44268916	nproc=877
1789190274	mine_kb=783680	mine_n=2	total_kb=44249748	nproc=877
1789190276	mine_kb=663696	mine_n=2	total_kb=44141604	nproc=877
1789190278	mine_kb=644752	mine_n=2	total_kb=44144644	nproc=878
1789190281	mine_kb=663120	mine_n=2	total_kb=44182084	nproc=878
1789190283	mine_kb=647072	mine_n=2	total_kb=44150388	nproc=877
1789190285	mine_kb=647136	mine_n=2	total_kb=44150388	nproc=877
1789190287	mine_kb=647200	mine_n=2	total_kb=44162596	nproc=877
1789190289	mine_kb=647232	mine_n=2	total_kb=44256116	nproc=880
1789190291	mine_kb=647248	mine_n=2	total_kb=44202228	nproc=877
1789190293	mine_kb=647264	mine_n=2	total_kb=44176724	nproc=877
1789190295	mine_kb=647264	mine_n=2	total_kb=44185348	nproc=877
1789190297	mine_kb=647264	mine_n=2	total_kb=44233412	nproc=877
1789190299	mine_kb=647264	mine_n=2	total_kb=44322884	nproc=880
1789190301	mine_kb=647264	mine_n=2	total_kb=44248628	nproc=877
1789190303	mine_kb=647264	mine_n=2	total_kb=44247380	nproc=877
1789190305	mine_kb=647264	mine_n=2	total_kb=44276340	nproc=884
1789190307	mine_kb=647264	mine_n=2	total_kb=44253124	nproc=877
1789190309	mine_kb=647264	mine_n=2	total_kb=44336644	nproc=880
1789190311	mine_kb=647264	mine_n=2	total_kb=44253812	nproc=877
1789190313	mine_kb=712816	mine_n=2	total_kb=44439380	nproc=885
1789190316	mine_kb=806016	mine_n=2	total_kb=44556340	nproc=885
1789190318	mine_kb=717168	mine_n=2	total_kb=44474180	nproc=885
1789190320	mine_kb=724992	mine_n=2	total_kb=44590484	nproc=888
1789190322	mine_kb=727696	mine_n=2	total_kb=44524628	nproc=885
1789190324	mine_kb=722736	mine_n=2	total_kb=44556212	nproc=885
1789190326	mine_kb=738128	mine_n=2	total_kb=44555044	nproc=885
1789190328	mine_kb=784960	mine_n=2	total_kb=44617972	nproc=885
1789190330	mine_kb=850480	mine_n=2	total_kb=44874084	nproc=896
1789190332	mine_kb=929536	mine_n=2	total_kb=44935828	nproc=893
1789190334	mine_kb=1042848	mine_n=2	total_kb=45000036	nproc=892
1789190336	mine_kb=1154544	mine_n=2	total_kb=45127252	nproc=893
1789190338	mine_kb=1189024	mine_n=2	total_kb=45133780	nproc=893
1789190340	mine_kb=1319104	mine_n=2	total_kb=45077380	nproc=892
1789190342	mine_kb=1337968	mine_n=2	total_kb=45052244	nproc=893
1789190344	mine_kb=1385584	mine_n=2	total_kb=44978520	nproc=893
1789190346	mine_kb=1389056	mine_n=2	total_kb=44724488	nproc=896
1789190348	mine_kb=1390752	mine_n=2	total_kb=44881112	nproc=897
1789190351	mine_kb=1428160	mine_n=2	total_kb=45055988	nproc=897
1789190353	mine_kb=1523760	mine_n=2	total_kb=45081004	nproc=897
1789190355	mine_kb=1583456	mine_n=2	total_kb=44981396	nproc=897
1789190357	mine_kb=1644464	mine_n=2	total_kb=44873492	nproc=897
1789190359	mine_kb=1752704	mine_n=2	total_kb=44728628	nproc=900
1789190361	mine_kb=1873344	mine_n=2	total_kb=44523696	nproc=897
1789190363	mine_kb=1957488	mine_n=2	total_kb=44553984	nproc=897
1789190365	mine_kb=2088944	mine_n=2	total_kb=44466080	nproc=897
1789190367	mine_kb=2097248	mine_n=2	total_kb=44534704	nproc=904
1789190369	mine_kb=2115632	mine_n=2	total_kb=44526192	nproc=899
1789190371	mine_kb=2138640	mine_n=2	total_kb=44481024	nproc=897
1789190373	mine_kb=2173040	mine_n=2	total_kb=44427312	nproc=889
1789190375	mine_kb=2173280	mine_n=2	total_kb=44437568	nproc=889
1789190377	mine_kb=2318672	mine_n=2	total_kb=44497920	nproc=889
1789190379	mine_kb=2276960	mine_n=2	total_kb=44439968	nproc=892
1789190381	mine_kb=2285120	mine_n=2	total_kb=44379376	nproc=889
1789190384	mine_kb=2289168	mine_n=2	total_kb=44391360	nproc=888
1789190386	mine_kb=2275712	mine_n=2	total_kb=44392720	nproc=889
1789190388	mine_kb=2266688	mine_n=2	total_kb=44388640	nproc=889
1789190390	mine_kb=2151072	mine_n=2	total_kb=44263488	nproc=884
1789190392	mine_kb=2241888	mine_n=2	total_kb=44250656	nproc=880
1789190394	mine_kb=2243120	mine_n=2	total_kb=44246000	nproc=881
1789190396	mine_kb=2244224	mine_n=2	total_kb=44257504	nproc=881
1789190398	mine_kb=2151696	mine_n=2	total_kb=44225840	nproc=880
1789190400	mine_kb=1977072	mine_n=2	total_kb=44022256	nproc=884
1789190402	mine_kb=1993488	mine_n=2	total_kb=43976832	nproc=881
1789190404	mine_kb=1995088	mine_n=2	total_kb=43981264	nproc=881
1789190406	mine_kb=1995168	mine_n=2	total_kb=43995808	nproc=877
1789190408	mine_kb=1995184	mine_n=2	total_kb=44025584	nproc=877
1789190410	mine_kb=1937120	mine_n=2	total_kb=43815648	nproc=876
1789190412	mine_kb=1937120	mine_n=2	total_kb=43811056	nproc=877
1789190414	mine_kb=1937120	mine_n=2	total_kb=43820656	nproc=877
1789190416	mine_kb=1937136	mine_n=2	total_kb=43844656	nproc=877
1789190419	mine_kb=1931200	mine_n=2	total_kb=43847984	nproc=876
1789190421	mine_kb=1906256	mine_n=2	total_kb=43839216	nproc=878
1789190423	mine_kb=1874256	mine_n=2	total_kb=43632480	nproc=877
1789190425	mine_kb=1874256	mine_n=2	total_kb=43648064	nproc=877
1789190427	mine_kb=1874256	mine_n=2	total_kb=43669216	nproc=877
1789190429	mine_kb=1865920	mine_n=2	total_kb=43698368	nproc=886
1789190431	mine_kb=1865920	mine_n=2	total_kb=43608240	nproc=877
1789190433	mine_kb=1865920	mine_n=2	total_kb=43626256	nproc=877
1789190435	mine_kb=1865920	mine_n=2	total_kb=43638896	nproc=877
1789190437	mine_kb=1865920	mine_n=2	total_kb=43658080	nproc=877
1789190439	mine_kb=1857232	mine_n=2	total_kb=43590880	nproc=880
1789190441	mine_kb=1857232	mine_n=2	total_kb=43529744	nproc=877
1789190443	mine_kb=1857232	mine_n=2	total_kb=43543840	nproc=877
1789190445	mine_kb=1857232	mine_n=2	total_kb=43533888	nproc=877
1789190447	mine_kb=1857232	mine_n=2	total_kb=43571520	nproc=877
1789190449	mine_kb=1857232	mine_n=2	total_kb=43656720	nproc=880
1789190451	mine_kb=1857232	mine_n=2	total_kb=43596976	nproc=877
1789190454	mine_kb=1857232	mine_n=2	total_kb=43680928	nproc=875
1789190456	mine_kb=1857088	mine_n=2	total_kb=43686768	nproc=875
1789190458	mine_kb=1834496	mine_n=2	total_kb=43625512	nproc=875
1789190460	mine_kb=1823936	mine_n=2	total_kb=43853408	nproc=878
1789190462	mine_kb=1910912	mine_n=2	total_kb=43588144	nproc=875
1789190464	mine_kb=1888496	mine_n=2	total_kb=43481468	nproc=875
