1789224169	mine_kb=271664	mine_n=3	total_kb=42739340	nproc=817
1789224171	mine_kb=365952	mine_n=4	total_kb=42835836	nproc=818
1789224173	mine_kb=388960	mine_n=4	total_kb=42856300	nproc=818
1789224175	mine_kb=423520	mine_n=4	total_kb=42994764	nproc=821
1789224177	mine_kb=433456	mine_n=4	total_kb=42926684	nproc=818
1789224179	mine_kb=445280	mine_n=4	total_kb=42913100	nproc=817
1789224181	mine_kb=453520	mine_n=4	total_kb=42913660	nproc=817
1789224183	mine_kb=520144	mine_n=4	total_kb=42981964	nproc=817
1789224185	mine_kb=497904	mine_n=4	total_kb=43037356	nproc=820
1789224187	mine_kb=525664	mine_n=4	total_kb=42985420	nproc=819
1789224190	mine_kb=546224	mine_n=4	total_kb=42967756	nproc=816
1789224192	mine_kb=567344	mine_n=4	total_kb=42994364	nproc=816
1789224194	mine_kb=543216	mine_n=4	total_kb=42971100	nproc=816
1789224196	mine_kb=578208	mine_n=4	total_kb=43109980	nproc=819
1789224198	mine_kb=599136	mine_n=4	total_kb=42914620	nproc=812
1789224200	mine_kb=641568	mine_n=4	total_kb=42987452	nproc=814
1789224202	mine_kb=661920	mine_n=4	total_kb=43009964	nproc=814
1789224204	mine_kb=717968	mine_n=4	total_kb=43033292	nproc=814
1789224206	mine_kb=701760	mine_n=4	total_kb=43019820	nproc=814
1789224208	mine_kb=730544	mine_n=4	total_kb=43000220	nproc=813
1789224210	mine_kb=741440	mine_n=4	total_kb=43066780	nproc=816
1789224212	mine_kb=780192	mine_n=4	total_kb=43108092	nproc=816
1789224214	mine_kb=801376	mine_n=4	total_kb=43075660	nproc=816
1789224216	mine_kb=850720	mine_n=4	total_kb=43132764	nproc=816
1789224218	mine_kb=926000	mine_n=4	total_kb=43206012	nproc=815
1789224220	mine_kb=871792	mine_n=4	total_kb=43159100	nproc=816
1789224222	mine_kb=920208	mine_n=4	total_kb=43212428	nproc=816
1789224225	mine_kb=954480	mine_n=4	total_kb=43328492	nproc=819
1789224227	mine_kb=967344	mine_n=4	total_kb=43309452	nproc=819
1789224229	mine_kb=959360	mine_n=4	total_kb=43279276	nproc=818
1789224231	mine_kb=963152	mine_n=4	total_kb=43272076	nproc=818
1789224233	mine_kb=965008	mine_n=4	total_kb=43221772	nproc=817
1789224235	mine_kb=969792	mine_n=4	total_kb=43312636	nproc=821
1789224237	mine_kb=988992	mine_n=4	total_kb=43236924	nproc=818
1789224239	mine_kb=993440	mine_n=4	total_kb=43240956	nproc=818
1789224241	mine_kb=1009968	mine_n=4	total_kb=43255532	nproc=818
1789224243	mine_kb=1057744	mine_n=4	total_kb=43234684	nproc=817
1789224245	mine_kb=1071968	mine_n=4	total_kb=43261308	nproc=819
1789224247	mine_kb=1084176	mine_n=4	total_kb=43173596	nproc=815
1789224249	mine_kb=1100528	mine_n=4	total_kb=43195388	nproc=817
1789224251	mine_kb=1177792	mine_n=4	total_kb=43193388	nproc=812
1789224253	mine_kb=1141024	mine_n=4	total_kb=43158188	nproc=812
1789224255	mine_kb=1225072	mine_n=4	total_kb=43259052	nproc=816
1789224257	mine_kb=1324336	mine_n=4	total_kb=43215068	nproc=812
1789224260	mine_kb=1356160	mine_n=4	total_kb=43115676	nproc=812
1789224262	mine_kb=1365344	mine_n=4	total_kb=43129564	nproc=812
1789224264	mine_kb=1246224	mine_n=4	total_kb=43023068	nproc=813
1789224266	mine_kb=1235056	mine_n=4	total_kb=43090252	nproc=816
1789224268	mine_kb=1258272	mine_n=4	total_kb=43039084	nproc=813
1789224270	mine_kb=1243776	mine_n=4	total_kb=43015548	nproc=813
1789224272	mine_kb=1245136	mine_n=4	total_kb=43019500	nproc=813
1789224274	mine_kb=1251200	mine_n=4	total_kb=43157132	nproc=821
1789224276	mine_kb=1279328	mine_n=4	total_kb=43207484	nproc=821
1789224278	mine_kb=1325840	mine_n=4	total_kb=43261388	nproc=823
1789224280	mine_kb=1406928	mine_n=4	total_kb=43198716	nproc=822
1789224282	mine_kb=1339088	mine_n=4	total_kb=43115964	nproc=822
1789224284	mine_kb=1441168	mine_n=4	total_kb=43164444	nproc=821
1789224286	mine_kb=1513472	mine_n=4	total_kb=43105292	nproc=825
1789224288	mine_kb=1508304	mine_n=4	total_kb=43054776	nproc=827
1789224290	mine_kb=1447344	mine_n=4	total_kb=43047576	nproc=835
1789224292	mine_kb=1440592	mine_n=4	total_kb=43035496	nproc=835
1789224295	mine_kb=1446160	mine_n=4	total_kb=43141064	nproc=838
1789224297	mine_kb=1301344	mine_n=4	total_kb=42961128	nproc=837
1789224299	mine_kb=1308736	mine_n=4	total_kb=42920648	nproc=835
1789224301	mine_kb=1306080	mine_n=4	total_kb=42924056	nproc=835
1789224303	mine_kb=1307792	mine_n=4	total_kb=42925544	nproc=835
1789224305	mine_kb=1329392	mine_n=4	total_kb=43013624	nproc=837
1789224307	mine_kb=1320864	mine_n=4	total_kb=42969144	nproc=840
1789224309	mine_kb=1325168	mine_n=4	total_kb=42991544	nproc=840
1789224311	mine_kb=1319840	mine_n=4	total_kb=42984232	nproc=839
1789224313	mine_kb=1392304	mine_n=4	total_kb=43088536	nproc=846
1789224315	mine_kb=1356880	mine_n=4	total_kb=43113160	nproc=842
1789224317	mine_kb=1397552	mine_n=4	total_kb=43085096	nproc=839
1789224319	mine_kb=1449488	mine_n=4	total_kb=43138984	nproc=839
1789224321	mine_kb=1501728	mine_n=4	total_kb=43201512	nproc=839
1789224323	mine_kb=1501920	mine_n=4	total_kb=43198168	nproc=839
1789224325	mine_kb=1378704	mine_n=4	total_kb=43145128	nproc=842
1789224327	mine_kb=1361888	mine_n=4	total_kb=43063528	nproc=839
1789224329	mine_kb=1467952	mine_n=4	total_kb=43187544	nproc=839
1789224332	mine_kb=1506368	mine_n=4	total_kb=43225624	nproc=841
1789224334	mine_kb=1462672	mine_n=4	total_kb=43188056	nproc=841
1789224336	mine_kb=1490816	mine_n=4	total_kb=43212216	nproc=837
1789224338	mine_kb=1439632	mine_n=4	total_kb=43243288	nproc=839
1789224340	mine_kb=1440752	mine_n=4	total_kb=43243480	nproc=839
1789224342	mine_kb=1458112	mine_n=4	total_kb=43374136	nproc=839
1789224344	mine_kb=1480176	mine_n=4	total_kb=43382376	nproc=839
1789224346	mine_kb=1492960	mine_n=4	total_kb=43392392	nproc=841
1789224348	mine_kb=1513968	mine_n=4	total_kb=43339032	nproc=838
1789224350	mine_kb=1510736	mine_n=4	total_kb=43332088	nproc=838
1789224352	mine_kb=1535776	mine_n=4	total_kb=43349416	nproc=830
1789224354	mine_kb=1525488	mine_n=4	total_kb=43346456	nproc=830
1789224356	mine_kb=1550864	mine_n=4	total_kb=43326776	nproc=830
1789224358	mine_kb=1472000	mine_n=4	total_kb=43242168	nproc=830
1789224360	mine_kb=1474192	mine_n=4	total_kb=43269128	nproc=831
1789224362	mine_kb=1545808	mine_n=4	total_kb=43338280	nproc=831
1789224364	mine_kb=1577840	mine_n=4	total_kb=43410344	nproc=834
1789224366	mine_kb=1516432	mine_n=4	total_kb=43293496	nproc=834
1789224369	mine_kb=1549248	mine_n=4	total_kb=43294120	nproc=828
1789224371	mine_kb=1540224	mine_n=4	total_kb=42927384	nproc=827
1789224373	mine_kb=1545392	mine_n=4	total_kb=42928936	nproc=828
1789224375	mine_kb=1567248	mine_n=4	total_kb=42954856	nproc=838
1789224377	mine_kb=1594128	mine_n=4	total_kb=42873176	nproc=828
1789224379	mine_kb=1650416	mine_n=4	total_kb=42924920	nproc=828
1789224381	mine_kb=1633856	mine_n=4	total_kb=42915480	nproc=828
1789224383	mine_kb=1666112	mine_n=4	total_kb=42945224	nproc=828
1789224385	mine_kb=1682080	mine_n=4	total_kb=42955496	nproc=831
1789224387	mine_kb=1679808	mine_n=4	total_kb=42873640	nproc=828
1789224389	mine_kb=1609040	mine_n=4	total_kb=42788056	nproc=828
1789224391	mine_kb=1663888	mine_n=4	total_kb=42841896	nproc=828
1789224393	mine_kb=1663792	mine_n=4	total_kb=42810472	nproc=828
1789224395	mine_kb=1622656	mine_n=4	total_kb=42856712	nproc=831
1789224397	mine_kb=1591616	mine_n=4	total_kb=42742216	nproc=828
1789224399	mine_kb=1611616	mine_n=4	total_kb=42776808	nproc=828
1789224401	mine_kb=1624720	mine_n=4	total_kb=42795672	nproc=828
1789224404	mine_kb=1604432	mine_n=4	total_kb=42779144	nproc=827
1789224406	mine_kb=1592880	mine_n=4	total_kb=42853736	nproc=831
1789224408	mine_kb=1583728	mine_n=4	total_kb=42761176	nproc=828
1789224410	mine_kb=1595072	mine_n=4	total_kb=42478152	nproc=818
1789224412	mine_kb=1601840	mine_n=4	total_kb=42483976	nproc=818
1789224414	mine_kb=1630352	mine_n=4	total_kb=42513800	nproc=818
1789224416	mine_kb=1621168	mine_n=4	total_kb=42586312	nproc=821
1789224418	mine_kb=1666960	mine_n=4	total_kb=42546792	nproc=818
1789224420	mine_kb=1680880	mine_n=4	total_kb=42560184	nproc=818
1789224422	mine_kb=1638304	mine_n=4	total_kb=42517416	nproc=818
1789224424	mine_kb=1704656	mine_n=4	total_kb=42589864	nproc=818
1789224426	mine_kb=1701072	mine_n=4	total_kb=42608232	nproc=819
1789224428	mine_kb=1703264	mine_n=4	total_kb=42590616	nproc=818
1789224430	mine_kb=1719104	mine_n=4	total_kb=42621336	nproc=818
1789224432	mine_kb=1738880	mine_n=4	total_kb=42642584	nproc=818
1789224434	mine_kb=1730816	mine_n=4	total_kb=42633000	nproc=818
1789224436	mine_kb=1686416	mine_n=4	total_kb=42547944	nproc=828
1789224438	mine_kb=1669088	mine_n=4	total_kb=42489784	nproc=824
1789224441	mine_kb=1684320	mine_n=4	total_kb=42508456	nproc=822
1789224443	mine_kb=1695008	mine_n=4	total_kb=42564792	nproc=822
1789224445	mine_kb=1733840	mine_n=4	total_kb=42469208	nproc=825
1789224447	mine_kb=1711232	mine_n=4	total_kb=42377064	nproc=822
1789224449	mine_kb=1719968	mine_n=4	total_kb=42397416	nproc=822
1789224451	mine_kb=1727088	mine_n=4	total_kb=42387432	nproc=822
1789224453	mine_kb=1729888	mine_n=4	total_kb=42347832	nproc=822
1789224455	mine_kb=1739520	mine_n=4	total_kb=42441496	nproc=825
1789224457	mine_kb=1821232	mine_n=4	total_kb=42241784	nproc=821
1789224459	mine_kb=1871296	mine_n=4	total_kb=42185784	nproc=822
1789224461	mine_kb=1875824	mine_n=4	total_kb=42183864	nproc=822
1789224463	mine_kb=1743872	mine_n=4	total_kb=42053720	nproc=822
1789224465	mine_kb=1753104	mine_n=4	total_kb=42148328	nproc=825
1789224467	mine_kb=1751328	mine_n=4	total_kb=42057288	nproc=822
1789224469	mine_kb=1797664	mine_n=4	total_kb=42106408	nproc=822
1789224471	mine_kb=1885072	mine_n=4	total_kb=42141656	nproc=822
1789224473	mine_kb=1900304	mine_n=4	total_kb=42110776	nproc=822
1789224476	mine_kb=1909296	mine_n=4	total_kb=42034936	nproc=825
1789224478	mine_kb=1991360	mine_n=4	total_kb=41965208	nproc=819
1789224480	mine_kb=1938896	mine_n=4	total_kb=41912680	nproc=819
1789224482	mine_kb=2047056	mine_n=4	total_kb=41913576	nproc=819
1789224484	mine_kb=2067856	mine_n=4	total_kb=41898280	nproc=819
1789224486	mine_kb=2002896	mine_n=4	total_kb=41761480	nproc=822
1789224488	mine_kb=1964800	mine_n=4	total_kb=41636184	nproc=819
1789224490	mine_kb=2037824	mine_n=4	total_kb=41719448	nproc=819
1789224492	mine_kb=2143504	mine_n=4	total_kb=41797192	nproc=818
1789224494	mine_kb=2083328	mine_n=4	total_kb=41736856	nproc=819
1789224496	mine_kb=2076384	mine_n=4	total_kb=41521000	nproc=819
1789224498	mine_kb=1951168	mine_n=4	total_kb=41375880	nproc=819
1789224500	mine_kb=1957568	mine_n=4	total_kb=41406152	nproc=826
1789224502	mine_kb=2023232	mine_n=4	total_kb=41430360	nproc=818
1789224504	mine_kb=1981264	mine_n=4	total_kb=41380184	nproc=818
1789224506	mine_kb=2028160	mine_n=4	total_kb=41470680	nproc=819
1789224508	mine_kb=2090992	mine_n=4	total_kb=41471912	nproc=817
1789224510	mine_kb=2112624	mine_n=4	total_kb=41346152	nproc=817
1789224513	mine_kb=2130528	mine_n=4	total_kb=41365272	nproc=817
1789224515	mine_kb=2198272	mine_n=4	total_kb=40493576	nproc=820
1789224517	mine_kb=2296496	mine_n=4	total_kb=39970200	nproc=817
1789224519	mine_kb=2355104	mine_n=4	total_kb=39902104	nproc=817
1789224521	mine_kb=2247216	mine_n=4	total_kb=39618504	nproc=817
1789224523	mine_kb=2252544	mine_n=4	total_kb=39630392	nproc=817
1789224525	mine_kb=2329760	mine_n=4	total_kb=39805864	nproc=821
1789224527	mine_kb=1037984	mine_n=2	total_kb=38426408	nproc=812
1789224529	mine_kb=1060560	mine_n=2	total_kb=38493704	nproc=814
1789224531	mine_kb=1027936	mine_n=2	total_kb=38443976	nproc=813
1789224533	mine_kb=1032560	mine_n=2	total_kb=38453992	nproc=813
1789224535	mine_kb=1072976	mine_n=2	total_kb=38575944	nproc=816
1789224537	mine_kb=1033296	mine_n=2	total_kb=38452488	nproc=813
1789224539	mine_kb=1036368	mine_n=2	total_kb=38506920	nproc=813
1789224541	mine_kb=1109056	mine_n=2	total_kb=38625192	nproc=813
1789224543	mine_kb=1142224	mine_n=2	total_kb=38790632	nproc=813
1789224545	mine_kb=1166800	mine_n=2	total_kb=38901256	nproc=816
1789224547	mine_kb=1211168	mine_n=2	total_kb=38859528	nproc=813
1789224550	mine_kb=1217728	mine_n=2	total_kb=38888488	nproc=813
1789224552	mine_kb=1259936	mine_n=2	total_kb=38938616	nproc=813
1789224554	mine_kb=1309584	mine_n=2	total_kb=38986808	nproc=813
1789224556	mine_kb=1311872	mine_n=2	total_kb=39091752	nproc=816
1789224558	mine_kb=1315776	mine_n=2	total_kb=39000280	nproc=813
