1789240076	mine_kb=1440	mine_n=1	total_kb=35554156	nproc=795
1789240078	mine_kb=80368	mine_n=2	total_kb=36015516	nproc=796
1789240080	mine_kb=95584	mine_n=2	total_kb=36356832	nproc=805
1789240082	mine_kb=106112	mine_n=2	total_kb=36721520	nproc=817
1789240084	mine_kb=98112	mine_n=2	total_kb=36488180	nproc=819
1789240086	mine_kb=108032	mine_n=2	total_kb=36097016	nproc=818
1789240088	mine_kb=113056	mine_n=2	total_kb=35837528	nproc=819
1789240090	mine_kb=113056	mine_n=2	total_kb=35918232	nproc=819
1789240092	mine_kb=132768	mine_n=2	total_kb=35898788	nproc=818
1789240095	mine_kb=157168	mine_n=2	total_kb=36079748	nproc=819
1789240097	mine_kb=158944	mine_n=2	total_kb=36276676	nproc=819
1789240099	mine_kb=168832	mine_n=2	total_kb=36392364	nproc=820
1789240101	mine_kb=161904	mine_n=2	total_kb=36049964	nproc=820
1789240103	mine_kb=199568	mine_n=2	total_kb=36136540	nproc=820
1789240105	mine_kb=223856	mine_n=2	total_kb=36247788	nproc=824
1789240107	mine_kb=263456	mine_n=2	total_kb=36060252	nproc=818
1789240109	mine_kb=265584	mine_n=2	total_kb=35991212	nproc=818
1789240111	mine_kb=314160	mine_n=2	total_kb=36122060	nproc=818
1789240113	mine_kb=264320	mine_n=2	total_kb=35902252	nproc=817
1789240115	mine_kb=277104	mine_n=2	total_kb=35808632	nproc=821
1789240117	mine_kb=293184	mine_n=2	total_kb=35401992	nproc=797
1789240119	mine_kb=312480	mine_n=2	total_kb=35444008	nproc=797
1789240121	mine_kb=311184	mine_n=2	total_kb=35535800	nproc=798
1789240123	mine_kb=347376	mine_n=2	total_kb=35557224	nproc=801
1789240125	mine_kb=398640	mine_n=2	total_kb=35407384	nproc=804
1789240127	mine_kb=335232	mine_n=2	total_kb=35317400	nproc=800
1789240129	mine_kb=347344	mine_n=2	total_kb=35343640	nproc=800
1789240132	mine_kb=352528	mine_n=2	total_kb=35352872	nproc=803
1789240134	mine_kb=338496	mine_n=2	total_kb=35312200	nproc=803
1789240136	mine_kb=249760	mine_n=2	total_kb=35111064	nproc=803
1789240138	mine_kb=252288	mine_n=2	total_kb=35128664	nproc=800
1789240140	mine_kb=252288	mine_n=2	total_kb=35143896	nproc=800
1789240142	mine_kb=252288	mine_n=2	total_kb=35132360	nproc=800
1789240144	mine_kb=230688	mine_n=2	total_kb=34843672	nproc=800
1789240146	mine_kb=247088	mine_n=2	total_kb=34994424	nproc=803
1789240148	mine_kb=253568	mine_n=2	total_kb=34937688	nproc=800
1789240150	mine_kb=258080	mine_n=2	total_kb=34900344	nproc=807
1789240152	mine_kb=264608	mine_n=2	total_kb=34884760	nproc=800
1789240154	mine_kb=293168	mine_n=2	total_kb=35026936	nproc=801
1789240156	mine_kb=285792	mine_n=2	total_kb=35114920	nproc=801
1789240158	mine_kb=295984	mine_n=2	total_kb=33437096	nproc=803
1789240161	mine_kb=330272	mine_n=2	total_kb=33365176	nproc=797
1789240163	mine_kb=307856	mine_n=2	total_kb=32661644	nproc=797
1789240165	mine_kb=325600	mine_n=2	total_kb=32764376	nproc=800
1789240167	mine_kb=342800	mine_n=2	total_kb=32623368	nproc=796
1789240169	mine_kb=354896	mine_n=2	total_kb=32706456	nproc=793
1789240171	mine_kb=386368	mine_n=2	total_kb=32672560	nproc=795
1789240173	mine_kb=407728	mine_n=2	total_kb=32801392	nproc=795
1789240175	mine_kb=400640	mine_n=2	total_kb=33238196	nproc=800
1789240177	mine_kb=412768	mine_n=2	total_kb=33776604	nproc=797
1789240179	mine_kb=419072	mine_n=2	total_kb=33822252	nproc=797
1789240181	mine_kb=422272	mine_n=2	total_kb=33844988	nproc=797
1789240183	mine_kb=405552	mine_n=2	total_kb=33505428	nproc=797
1789240185	mine_kb=405776	mine_n=2	total_kb=37110852	nproc=804
1789240187	mine_kb=405424	mine_n=2	total_kb=36866036	nproc=801
1789240189	mine_kb=405424	mine_n=2	total_kb=36818196	nproc=798
1789240191	mine_kb=394320	mine_n=2	total_kb=36846596	nproc=798
1789240193	mine_kb=394336	mine_n=2	total_kb=36908468	nproc=798
1789240196	mine_kb=429344	mine_n=2	total_kb=37528564	nproc=801
1789240198	mine_kb=423248	mine_n=2	total_kb=37326756	nproc=800
1789240200	mine_kb=464752	mine_n=2	total_kb=37653636	nproc=804
1789240202	mine_kb=410688	mine_n=2	total_kb=37517828	nproc=797
1789240204	mine_kb=432128	mine_n=2	total_kb=37294052	nproc=796
1789240206	mine_kb=394816	mine_n=2	total_kb=37391748	nproc=800
1789240208	mine_kb=396144	mine_n=2	total_kb=37272308	nproc=797
1789240210	mine_kb=421632	mine_n=2	total_kb=36106220	nproc=796
1789240212	mine_kb=476288	mine_n=2	total_kb=36199100	nproc=797
1789240214	mine_kb=479952	mine_n=2	total_kb=36055980	nproc=796
1789240216	mine_kb=306336	mine_n=2	total_kb=36073644	nproc=815
1789240218	mine_kb=250672	mine_n=2	total_kb=35545128	nproc=812
1789240220	mine_kb=241472	mine_n=2	total_kb=35052360	nproc=813
1789240222	mine_kb=241600	mine_n=2	total_kb=35035708	nproc=812
1789240224	mine_kb=227056	mine_n=2	total_kb=32739244	nproc=820
1789240226	mine_kb=230640	mine_n=2	total_kb=32364792	nproc=821
1789240228	mine_kb=229936	mine_n=2	total_kb=32500424	nproc=821
1789240231	mine_kb=234976	mine_n=2	total_kb=32812696	nproc=821
1789240233	mine_kb=274176	mine_n=2	total_kb=32536872	nproc=822
1789240235	mine_kb=308176	mine_n=2	total_kb=32825672	nproc=825
1789240237	mine_kb=279168	mine_n=2	total_kb=32952584	nproc=826
1789240239	mine_kb=279824	mine_n=2	total_kb=33243736	nproc=831
1789240241	mine_kb=353376	mine_n=2	total_kb=33570280	nproc=836
1789240243	mine_kb=379376	mine_n=2	total_kb=33396104	nproc=833
1789240245	mine_kb=370320	mine_n=2	total_kb=36261192	nproc=837
1789240247	mine_kb=242672	mine_n=2	total_kb=36502152	nproc=842
1789240249	mine_kb=231616	mine_n=2	total_kb=36787912	nproc=842
1789240251	mine_kb=246112	mine_n=2	total_kb=36931224	nproc=841
1789240253	mine_kb=236784	mine_n=2	total_kb=37052824	nproc=842
1789240255	mine_kb=232832	mine_n=2	total_kb=37032220	nproc=848
1789240257	mine_kb=232832	mine_n=2	total_kb=37008540	nproc=847
1789240259	mine_kb=232864	mine_n=2	total_kb=37045580	nproc=847
1789240262	mine_kb=214192	mine_n=2	total_kb=36555364	nproc=853
1789240264	mine_kb=210288	mine_n=2	total_kb=36513460	nproc=851
1789240266	mine_kb=210192	mine_n=2	total_kb=36351988	nproc=853
1789240268	mine_kb=210464	mine_n=2	total_kb=36393108	nproc=840
1789240270	mine_kb=204944	mine_n=2	total_kb=36459324	nproc=841
1789240272	mine_kb=204992	mine_n=2	total_kb=36522476	nproc=840
1789240274	mine_kb=205072	mine_n=2	total_kb=36563868	nproc=845
1789240276	mine_kb=205136	mine_n=2	total_kb=36918844	nproc=850
1789240278	mine_kb=205152	mine_n=2	total_kb=36915116	nproc=838
1789240280	mine_kb=196336	mine_n=2	total_kb=37191692	nproc=835
1789240282	mine_kb=189072	mine_n=2	total_kb=37238124	nproc=832
1789240285	mine_kb=186432	mine_n=2	total_kb=36824556	nproc=831
1789240287	mine_kb=174896	mine_n=2	total_kb=36603500	nproc=831
1789240289	mine_kb=174928	mine_n=2	total_kb=36702428	nproc=831
1789240291	mine_kb=174928	mine_n=2	total_kb=36757020	nproc=828
1789240293	mine_kb=174928	mine_n=2	total_kb=36945772	nproc=828
1789240295	mine_kb=174816	mine_n=2	total_kb=36937852	nproc=831
1789240297	mine_kb=168416	mine_n=2	total_kb=36795324	nproc=828
1789240299	mine_kb=149920	mine_n=2	total_kb=36158500	nproc=827
1789240301	mine_kb=144032	mine_n=2	total_kb=35340148	nproc=828
1789240303	mine_kb=208304	mine_n=2	total_kb=33053812	nproc=831
1789240305	mine_kb=265536	mine_n=2	total_kb=33125924	nproc=863
1789240308	mine_kb=318784	mine_n=2	total_kb=33274532	nproc=860
1789240310	mine_kb=185760	mine_n=2	total_kb=33178036	nproc=856
1789240312	mine_kb=196944	mine_n=2	total_kb=33277092	nproc=856
1789240314	mine_kb=191312	mine_n=2	total_kb=33772436	nproc=854
1789240316	mine_kb=202656	mine_n=2	total_kb=33731552	nproc=857
1789240318	mine_kb=203968	mine_n=2	total_kb=33279912	nproc=854
1789240320	mine_kb=235712	mine_n=2	total_kb=33060208	nproc=853
1789240322	mine_kb=262864	mine_n=2	total_kb=32850768	nproc=850
1789240324	mine_kb=297856	mine_n=2	total_kb=32948608	nproc=847
1789240326	mine_kb=305152	mine_n=2	total_kb=32849184	nproc=852
1789240328	mine_kb=280192	mine_n=2	total_kb=31425508	nproc=849
1789240330	mine_kb=294352	mine_n=2	total_kb=31788836	nproc=849
1789240332	mine_kb=318960	mine_n=2	total_kb=32151444	nproc=849
1789240334	mine_kb=316368	mine_n=2	total_kb=31819076	nproc=849
1789240337	mine_kb=315424	mine_n=2	total_kb=31889968	nproc=850
1789240339	mine_kb=364320	mine_n=2	total_kb=32234992	nproc=849
