path	bytes	mtime
kd_r10	171091648	Sep 12 02:04
kd_r10.link.log	0	Sep 12 02:04
kd_r10.map	4341062	Sep 12 02:04
kd_r10.primary.o.map	4341062	Sep 12 02:04
kd_r10.provider.core.o.map	15896	Sep 12 02:04
kd_r10.provider.host.o.map	22154	Sep 12 02:04
kd_r10.provider.o.map	164988	Sep 12 02:04
kd_r11b	171124704	Sep 12 02:22
kd_r11b.link.log	0	Sep 12 02:22
kd_r11b.map	4342672	Sep 12 02:22
kd_r11b.primary.o.map	4342672	Sep 12 02:22
kd_r11b.provider.core.o.map	15896	Sep 12 02:22
kd_r11b.provider.host.o.map	22154	Sep 12 02:22
kd_r11b.provider.o.map	164988	Sep 12 02:22
kd_r12	171124704	Sep 12 02:43
kd_r12.link.log	0	Sep 12 02:43
kd_r12.map	4342672	Sep 12 02:43
kd_r12.primary.o.map	4342672	Sep 12 02:43
kd_r12.provider.core.o.map	15896	Sep 12 02:43
kd_r12.provider.host.o.map	22154	Sep 12 02:43
kd_r12.provider.o.map	164988	Sep 12 02:43
kd_r13	171141152	Sep 12 02:58
kd_r13.link.log	0	Sep 12 02:58
kd_r13.map	4342995	Sep 12 02:58
kd_r13.primary.o.map	4342995	Sep 12 02:58
kd_r13.provider.core.o.map	15896	Sep 12 02:58
kd_r13.provider.host.o.map	22154	Sep 12 02:58
kd_r13.provider.o.map	164988	Sep 12 02:58
kd_r14	171141152	Sep 12 03:17
kd_r14.link.log	0	Sep 12 03:17
kd_r14.map	4342995	Sep 12 03:17
kd_r14.primary.o.map	4342995	Sep 12 03:17
kd_r14.provider.core.o.map	15896	Sep 12 03:17
kd_r14.provider.host.o.map	22154	Sep 12 03:17
kd_r14.provider.o.map	164988	Sep 12 03:17
kd_r15	171157616	Sep 12 03:36
kd_r15.link.log	0	Sep 12 03:36
kd_r15.map	4343302	Sep 12 03:36
kd_r15.primary.o.map	4343302	Sep 12 03:36
kd_r15.provider.core.o.map	15896	Sep 12 03:36
kd_r15.provider.host.o.map	22154	Sep 12 03:36
kd_r15.provider.o.map	164988	Sep 12 03:36
kd_r16	171157664	Sep 12 03:43
kd_r16.link.log	0	Sep 12 03:43
kd_r16.map	4343572	Sep 12 03:43
kd_r16.primary.o.map	4343572	Sep 12 03:43
kd_r16.provider.core.o.map	15896	Sep 12 03:43
kd_r16.provider.host.o.map	22154	Sep 12 03:43
kd_r16.provider.o.map	164988	Sep 12 03:43
kd_r17	171190528	Sep 12 03:50
kd_r17.link.log	0	Sep 12 03:50
kd_r17.map	4343910	Sep 12 03:50
kd_r17.primary.o.map	4343910	Sep 12 03:50
kd_r17.provider.core.o.map	15896	Sep 12 03:50
kd_r17.provider.host.o.map	22154	Sep 12 03:50
kd_r17.provider.o.map	164988	Sep 12 03:50
kd_r18	171223408	Sep 12 04:02
kd_r18.link.log	0	Sep 12 04:02
kd_r18.map	4344231	Sep 12 04:02
kd_r18.primary.o.map	4344231	Sep 12 04:02
kd_r18.provider.core.o.map	15896	Sep 12 04:02
kd_r18.provider.host.o.map	22154	Sep 12 04:02
kd_r18.provider.o.map	164988	Sep 12 04:02
kd_r19	171223456	Sep 12 04:08
kd_r19.link.log	0	Sep 12 04:08
kd_r19.map	4344596	Sep 12 04:08
kd_r19.primary.o.map	4344596	Sep 12 04:08
kd_r19.provider.core.o.map	15896	Sep 12 04:08
kd_r19.provider.host.o.map	22154	Sep 12 04:08
kd_r19.provider.o.map	164988	Sep 12 04:08
kd_r20	171239872	Sep 12 04:25
kd_r20.link.log	0	Sep 12 04:25
kd_r20.map	4344598	Sep 12 04:25
kd_r20.primary.o.map	4344598	Sep 12 04:25
kd_r20.provider.core.o.map	15896	Sep 12 04:25
kd_r20.provider.host.o.map	22154	Sep 12 04:25
kd_r20.provider.o.map	164988	Sep 12 04:25
kd_r21	171239872	Sep 12 04:31
kd_r21.link.log	0	Sep 12 04:31
kd_r21.map	4344599	Sep 12 04:31
kd_r21.primary.o.map	4344599	Sep 12 04:31
kd_r21.provider.core.o.map	15896	Sep 12 04:31
kd_r21.provider.host.o.map	22154	Sep 12 04:31
kd_r21.provider.o.map	164988	Sep 12 04:31
kd_r22	171272752	Sep 12 04:43
kd_r22.link.log	0	Sep 12 04:43
kd_r22.map	4344898	Sep 12 04:43
kd_r22.primary.o.map	4344898	Sep 12 04:43
kd_r22.provider.core.o.map	15896	Sep 12 04:43
kd_r22.provider.host.o.map	22154	Sep 12 04:43
kd_r22.provider.o.map	164988	Sep 12 04:43
kd_r23	171289168	Sep 12 04:56
kd_r23.link.log	0	Sep 12 04:56
kd_r23.map	4344898	Sep 12 04:56
kd_r23.primary.o.map	4344898	Sep 12 04:56
kd_r23.provider.core.o.map	15896	Sep 12 04:56
kd_r23.provider.host.o.map	22154	Sep 12 04:56
kd_r23.provider.o.map	164988	Sep 12 04:56
kd_r24	171289360	Sep 12 05:08
kd_r24.link.log	0	Sep 12 05:08
kd_r24.map	4345201	Sep 12 05:08
kd_r24.primary.o.map	4345201	Sep 12 05:08
kd_r24.provider.core.o.map	15896	Sep 12 05:08
kd_r24.provider.host.o.map	22154	Sep 12 05:08
kd_r24.provider.o.map	164988	Sep 12 05:08
kd_r25	171289392	Sep 12 05:20
kd_r25.link.log	0	Sep 12 05:20
kd_r25.map	4345526	Sep 12 05:20
kd_r25.primary.o.map	4345526	Sep 12 05:20
kd_r25.provider.core.o.map	15896	Sep 12 05:20
kd_r25.provider.host.o.map	22154	Sep 12 05:20
kd_r25.provider.o.map	164988	Sep 12 05:20
kd_r26	171289456	Sep 12 05:39
kd_r26.link.log	0	Sep 12 05:39
kd_r26.map	4345846	Sep 12 05:39
kd_r26.primary.o.map	4345846	Sep 12 05:38
kd_r26.provider.core.o.map	15896	Sep 12 05:38
kd_r26.provider.host.o.map	22154	Sep 12 05:38
kd_r26.provider.o.map	164988	Sep 12 05:38
kd_r27	171289456	Sep 12 05:50
kd_r27.link.log	0	Sep 12 05:50
kd_r27.map	4345846	Sep 12 05:50
kd_r27.primary.o.map	4345846	Sep 12 05:50
kd_r27.provider.core.o.map	15896	Sep 12 05:50
kd_r27.provider.host.o.map	22154	Sep 12 05:50
kd_r27.provider.o.map	164988	Sep 12 05:50
kd_r28	171289456	Sep 12 05:58
kd_r28.link.log	0	Sep 12 05:58
kd_r28.map	4345846	Sep 12 05:58
kd_r28.primary.o.map	4345846	Sep 12 05:57
kd_r28.provider.core.o.map	15896	Sep 12 05:57
kd_r28.provider.host.o.map	22154	Sep 12 05:57
kd_r28.provider.o.map	164988	Sep 12 05:57
kd_r29	171289456	Sep 12 06:18
kd_r29.link.log	0	Sep 12 06:18
kd_r29.map	4345846	Sep 12 06:18
kd_r29.primary.o.map	4345846	Sep 12 06:18
kd_r29.provider.core.o.map	15896	Sep 12 06:18
kd_r29.provider.host.o.map	22154	Sep 12 06:18
kd_r29.provider.o.map	164988	Sep 12 06:18
kd_r30	171322320	Sep 12 06:26
kd_r30.link.log	0	Sep 12 06:26
kd_r30.map	4346154	Sep 12 06:26
kd_r30.primary.o.map	4346154	Sep 12 06:26
kd_r30.provider.core.o.map	15896	Sep 12 06:26
kd_r30.provider.host.o.map	22154	Sep 12 06:26
kd_r30.provider.o.map	164988	Sep 12 06:26
kd_r31	171322432	Sep 12 06:43
kd_r31.link.log	0	Sep 12 06:43
kd_r31.map	4346429	Sep 12 06:43
kd_r31.primary.o.map	4346429	Sep 12 06:43
kd_r31.provider.core.o.map	15896	Sep 12 06:43
kd_r31.provider.host.o.map	22154	Sep 12 06:43
kd_r31.provider.o.map	164988	Sep 12 06:43
kd_r32	171356272	Sep 12 06:59
kd_r32.link.log	0	Sep 12 06:59
kd_r32.map	4349289	Sep 12 06:59
kd_r32.primary.o.map	4349289	Sep 12 06:59
kd_r32.provider.core.o.map	15896	Sep 12 06:59
kd_r32.provider.host.o.map	22154	Sep 12 06:59
kd_r32.provider.o.map	164988	Sep 12 06:59
kd_r33	171356272	Sep 12 07:09
kd_r33.link.log	0	Sep 12 07:09
kd_r33.map	4349289	Sep 12 07:09
kd_r33.primary.o.map	4349289	Sep 12 07:09
kd_r33.provider.core.o.map	15896	Sep 12 07:09
kd_r33.provider.host.o.map	22154	Sep 12 07:09
kd_r33.provider.o.map	164988	Sep 12 07:09
kd_r34	171356272	Sep 12 07:22
kd_r34.link.log	0	Sep 12 07:22
kd_r34.map	4349289	Sep 12 07:22
kd_r34.primary.o.map	4349289	Sep 12 07:22
kd_r34.provider.core.o.map	15896	Sep 12 07:22
kd_r34.provider.host.o.map	22154	Sep 12 07:22
kd_r34.provider.o.map	164988	Sep 12 07:22
kd_r35	171356288	Sep 12 07:34
kd_r35.link.log	0	Sep 12 07:34
kd_r35.map	4349292	Sep 12 07:34
kd_r35.primary.o.map	4349292	Sep 12 07:34
kd_r35.provider.core.o.map	15896	Sep 12 07:34
kd_r35.provider.host.o.map	22154	Sep 12 07:34
kd_r35.provider.o.map	164988	Sep 12 07:34
kd_r36	171405744	Sep 12 07:49
kd_r36.link.log	0	Sep 12 07:49
kd_r36.map	4349591	Sep 12 07:49
kd_r36.primary.o.map	4349591	Sep 12 07:49
kd_r36.provider.core.o.map	15896	Sep 12 07:49
kd_r36.provider.host.o.map	22154	Sep 12 07:49
kd_r36.provider.o.map	164988	Sep 12 07:49
kd_r37	171405728	Sep 12 07:54
kd_r37.link.log	0	Sep 12 07:54
kd_r37.map	4349591	Sep 12 07:54
kd_r37.primary.o.map	4349591	Sep 12 07:54
kd_r37.provider.core.o.map	15896	Sep 12 07:54
kd_r37.provider.host.o.map	22154	Sep 12 07:54
kd_r37.provider.o.map	164988	Sep 12 07:54
kd_r38	171405728	Sep 12 08:00
kd_r38.link.log	0	Sep 12 08:00
kd_r38.map	4349591	Sep 12 08:00
kd_r38.primary.o.map	4349591	Sep 12 08:00
kd_r38.provider.core.o.map	15896	Sep 12 08:00
kd_r38.provider.host.o.map	22154	Sep 12 08:00
kd_r38.provider.o.map	164988	Sep 12 08:00
kd_r39	171405728	Sep 12 08:11
kd_r39.link.log	0	Sep 12 08:11
kd_r39.map	4349591	Sep 12 08:11
kd_r39.primary.o.map	4349591	Sep 12 08:11
kd_r39.provider.core.o.map	15896	Sep 12 08:11
kd_r39.provider.host.o.map	22154	Sep 12 08:11
kd_r39.provider.o.map	164988	Sep 12 08:11
kd_r41	171356272	Sep 12 08:22
kd_r41.link.log	0	Sep 12 08:22
kd_r41.map	4349290	Sep 12 08:22
kd_r41.primary.o.map	4349290	Sep 12 08:21
kd_r41.provider.core.o.map	15896	Sep 12 08:21
kd_r41.provider.host.o.map	22154	Sep 12 08:21
kd_r41.provider.o.map	164988	Sep 12 08:21
kd_r42	171356272	Sep 12 08:29
kd_r42.link.log	0	Sep 12 08:29
kd_r42.map	4349291	Sep 12 08:29
kd_r42.primary.o.map	4349291	Sep 12 08:29
kd_r42.provider.core.o.map	15896	Sep 12 08:29
kd_r42.provider.host.o.map	22154	Sep 12 08:29
kd_r42.provider.o.map	164988	Sep 12 08:29
kd_r43	171356272	Sep 12 08:37
kd_r43.link.log	0	Sep 12 08:37
kd_r43.map	4349291	Sep 12 08:37
kd_r43.primary.o.map	4349291	Sep 12 08:37
kd_r43.provider.core.o.map	15896	Sep 12 08:37
kd_r43.provider.host.o.map	22154	Sep 12 08:37
kd_r43.provider.o.map	164988	Sep 12 08:37
kd_r44	171356272	Sep 12 08:45
kd_r44.link.log	0	Sep 12 08:45
kd_r44.map	4349291	Sep 12 08:45
kd_r44.primary.o.map	4349291	Sep 12 08:45
kd_r44.provider.core.o.map	15896	Sep 12 08:45
kd_r44.provider.host.o.map	22154	Sep 12 08:45
kd_r44.provider.o.map	164988	Sep 12 08:45
kd_r45	171356288	Sep 12 08:50
kd_r45.link.log	0	Sep 12 08:50
kd_r45.map	4349292	Sep 12 08:50
kd_r45.primary.o.map	4349292	Sep 12 08:50
kd_r45.provider.core.o.map	15896	Sep 12 08:50
kd_r45.provider.host.o.map	22154	Sep 12 08:50
kd_r45.provider.o.map	164988	Sep 12 08:50
kd_r46	171356288	Sep 12 09:10
kd_r46.link.log	0	Sep 12 09:10
kd_r46.map	4349292	Sep 12 09:10
kd_r46.primary.o.map	4349292	Sep 12 09:10
kd_r46.provider.core.o.map	15896	Sep 12 09:10
kd_r46.provider.host.o.map	22154	Sep 12 09:10
kd_r46.provider.o.map	164988	Sep 12 09:10
kd_r50	171356288	Sep 12 09:31
kd_r50.link.log	0	Sep 12 09:31
kd_r50.map	4349292	Sep 12 09:31
kd_r50.primary.o.map	4349292	Sep 12 09:31
kd_r50.provider.core.o.map	15896	Sep 12 09:31
kd_r50.provider.host.o.map	22154	Sep 12 09:31
kd_r50.provider.o.map	164988	Sep 12 09:31
kd_r51	171356272	Sep 12 09:58
kd_r51.link.log	0	Sep 12 09:58
kd_r51.map	4349292	Sep 12 09:58
kd_r51.primary.o.map	4349292	Sep 12 09:58
kd_r51.provider.core.o.map	15896	Sep 12 09:58
kd_r51.provider.host.o.map	22154	Sep 12 09:58
kd_r51.provider.o.map	164989	Sep 12 09:58
kd_r52	171356288	Sep 12 10:07
kd_r52.link.log	0	Sep 12 10:07
kd_r52.map	4349292	Sep 12 10:07
kd_r52.primary.o.map	4349292	Sep 12 10:07
kd_r52.provider.core.o.map	15896	Sep 12 10:07
kd_r52.provider.host.o.map	22154	Sep 12 10:07
kd_r52.provider.o.map	164989	Sep 12 10:07
kd_r53.link.log	377	Sep 12 10:19
kd_r53.primary.o.map	4349292	Sep 12 10:19
kd_r53.provider.core.o.map	15896	Sep 12 10:19
kd_r53.provider.host.o.map	22154	Sep 12 10:19
kd_r53.provider.o.map	164989	Sep 12 10:19
kd_r53b.link.log	380	Sep 12 10:23
kd_r53b.primary.o.map	4349292	Sep 12 10:23
kd_r53b.provider.core.o.map	15896	Sep 12 10:23
kd_r53b.provider.host.o.map	22154	Sep 12 10:23
kd_r53b.provider.o.map	164989	Sep 12 10:23
kd_r54.link.log	377	Sep 12 10:28
kd_r54.primary.o.map	4349292	Sep 12 10:28
kd_r54.provider.core.o.map	15896	Sep 12 10:28
kd_r54.provider.host.o.map	22154	Sep 12 10:28
kd_r54.provider.o.map	164989	Sep 12 10:28
kd_r55.link.log	533	Sep 12 10:34
kd_r55.primary.o.map	4349591	Sep 12 10:34
kd_r55.provider.core.o.map	15896	Sep 12 10:34
kd_r55.provider.host.o.map	22154	Sep 12 10:34
kd_r55.provider.o.map	164989	Sep 12 10:34
kd_r56.link.log	533	Sep 12 10:39
kd_r56.primary.o.map	4349591	Sep 12 10:39
kd_r56.provider.core.o.map	15896	Sep 12 10:39
kd_r56.provider.host.o.map	22154	Sep 12 10:39
kd_r56.provider.o.map	164989	Sep 12 10:39
kd_r57s	171405776	Sep 12 10:48
kd_r57s.SCRATCH_ROOT.txt	262	Sep 12 10:48
kd_r57s.link.log	0	Sep 12 10:48
kd_r57s.map	4823313	Sep 12 10:48
kd_r57s.primary.o.map	4823313	Sep 12 10:48
kd_r57s.provider.core.o.map	17358	Sep 12 10:48
kd_r57s.provider.host.o.map	24636	Sep 12 10:48
kd_r57s.provider.o.map	182838	Sep 12 10:48
kd_r58p.DIAGNOSTIC.txt	275	Sep 12 11:37
kd_r58p.primary.o.map	4350817	Sep 12 11:37
kd_r59	171422512	Sep 12 11:45
kd_r59.link.log	0	Sep 12 11:45
kd_r59.map	4350817	Sep 12 11:45
kd_r59.primary.o.map	4350817	Sep 12 11:45
kd_r59.provider.core.o.map	15896	Sep 12 11:45
kd_r59.provider.host.o.map	22154	Sep 12 11:45
kd_r59.provider.o.map	164988	Sep 12 11:45
kd_r60	171422544	Sep 12 12:12
kd_r60.link.log	0	Sep 12 12:12
kd_r60.map	4351103	Sep 12 12:12
kd_r60.primary.o.map	4351103	Sep 12 12:12
kd_r60.provider.core.o.map	15896	Sep 12 12:12
kd_r60.provider.host.o.map	22154	Sep 12 12:12
kd_r60.provider.o.map	164988	Sep 12 12:12
kd_r61	171422624	Sep 12 12:37
kd_r61.link.log	0	Sep 12 12:37
kd_r61.map	4351103	Sep 12 12:37
kd_r61.primary.o.map	4351103	Sep 12 12:37
kd_r61.provider.core.o.map	15896	Sep 12 12:37
kd_r61.provider.host.o.map	22154	Sep 12 12:37
kd_r61.provider.o.map	164988	Sep 12 12:37
kd_r62	171422640	Sep 12 13:07
kd_r62.link.log	0	Sep 12 13:07
kd_r62.map	4351103	Sep 12 13:07
kd_r62.primary.o.map	4351103	Sep 12 13:07
kd_r62.provider.core.o.map	15896	Sep 12 13:07
kd_r62.provider.host.o.map	22154	Sep 12 13:07
kd_r62.provider.o.map	164988	Sep 12 13:07
kd_r63	171422640	Sep 12 13:26
kd_r63.link.log	0	Sep 12 13:26
kd_r63.map	4351103	Sep 12 13:26
kd_r63.primary.o.map	4351103	Sep 12 13:26
kd_r63.provider.core.o.map	15896	Sep 12 13:26
kd_r63.provider.host.o.map	22154	Sep 12 13:26
kd_r63.provider.o.map	164988	Sep 12 13:26
kd_r64	171422672	Sep 12 13:48
kd_r64.link.log	0	Sep 12 13:48
kd_r64.map	4351448	Sep 12 13:48
kd_r64.primary.o.map	4351448	Sep 12 13:47
kd_r64.provider.core.o.map	15896	Sep 12 13:48
kd_r64.provider.host.o.map	22154	Sep 12 13:48
kd_r64.provider.o.map	164988	Sep 12 13:48
kd_r66	171422672	Sep 12 14:20
kd_r66.link.log	0	Sep 12 14:20
kd_r66.map	4351448	Sep 12 14:20
kd_r66.primary.o.map	4351448	Sep 12 14:20
kd_r66.provider.core.o.map	15896	Sep 12 14:20
kd_r66.provider.host.o.map	22154	Sep 12 14:20
kd_r66.provider.o.map	164988	Sep 12 14:20
kd_r68	171422752	Sep 12 14:36
kd_r68.link.log	0	Sep 12 14:36
kd_r68.map	4351448	Sep 12 14:36
kd_r68.primary.o.map	4351448	Sep 12 14:36
kd_r68.provider.core.o.map	15896	Sep 12 14:36
kd_r68.provider.host.o.map	22154	Sep 12 14:36
kd_r68.provider.o.map	164988	Sep 12 14:36
kd_r69	171422672	Sep 12 15:03
kd_r69.link.log	0	Sep 12 15:03
kd_r69.map	4351448	Sep 12 15:03
kd_r69.primary.o.map	4351448	Sep 12 15:03
kd_r69.provider.core.o.map	15896	Sep 12 15:03
kd_r69.provider.host.o.map	22154	Sep 12 15:03
kd_r69.provider.o.map	164988	Sep 12 15:03
kd_r70	171422688	Sep 12 15:22
kd_r70.link.log	0	Sep 12 15:22
kd_r70.map	4351448	Sep 12 15:22
kd_r70.primary.o.map	4351448	Sep 12 15:22
kd_r70.provider.core.o.map	15896	Sep 12 15:22
kd_r70.provider.host.o.map	22154	Sep 12 15:22
kd_r70.provider.o.map	164988	Sep 12 15:22
kd_r72	171455808	Sep 12 15:46
kd_r72.link.log	0	Sep 12 15:46
kd_r72.map	4353038	Sep 12 15:46
kd_r72.primary.o.map	4353038	Sep 12 15:46
kd_r72.provider.core.o.map	15896	Sep 12 15:46
kd_r72.provider.host.o.map	22154	Sep 12 15:46
kd_r72.provider.o.map	164988	Sep 12 15:46
kd_r73	171422672	Sep 12 16:11
kd_r73.link.log	0	Sep 12 16:11
kd_r73.map	4351448	Sep 12 16:11
kd_r73.primary.o.map	4351448	Sep 12 16:11
kd_r73.provider.core.o.map	15896	Sep 12 16:11
kd_r73.provider.host.o.map	22154	Sep 12 16:11
kd_r73.provider.o.map	164988	Sep 12 16:11
kd_r74	171422720	Sep 12 16:35
kd_r74.link.log	0	Sep 12 16:35
kd_r74.map	4351779	Sep 12 16:35
kd_r74.primary.o.map	4351779	Sep 12 16:35
kd_r74.provider.core.o.map	15896	Sep 12 16:35
kd_r74.provider.host.o.map	22154	Sep 12 16:35
kd_r74.provider.o.map	164988	Sep 12 16:35
kd_r75	171422720	Sep 12 17:09
kd_r75.link.log	0	Sep 12 17:09
kd_r75.map	4351779	Sep 12 17:09
kd_r75.primary.o.map	4351779	Sep 12 17:09
kd_r75.provider.core.o.map	15896	Sep 12 17:09
kd_r75.provider.host.o.map	22154	Sep 12 17:09
kd_r75.provider.o.map	164988	Sep 12 17:09
kd_r76	171422800	Sep 12 17:43
kd_r76.link.log	0	Sep 12 17:43
kd_r76.map	4351779	Sep 12 17:43
kd_r76.primary.o.map	4351779	Sep 12 17:43
kd_r76.provider.core.o.map	15896	Sep 12 17:43
kd_r76.provider.host.o.map	22154	Sep 12 17:43
kd_r76.provider.o.map	164988	Sep 12 17:43
kd_r77	171422720	Sep 12 18:10
kd_r77.link.log	0	Sep 12 18:10
kd_r77.map	4351779	Sep 12 18:10
kd_r77.primary.o.map	4351779	Sep 12 18:10
kd_r77.provider.core.o.map	15896	Sep 12 18:10
kd_r77.provider.host.o.map	22154	Sep 12 18:10
kd_r77.provider.o.map	164988	Sep 12 18:10
kd_r78	171422720	Sep 12 18:30
kd_r78.link.log	0	Sep 12 18:30
kd_r78.map	4351779	Sep 12 18:30
kd_r78.primary.o.map	4351779	Sep 12 18:30
kd_r78.provider.core.o.map	15896	Sep 12 18:30
kd_r78.provider.host.o.map	22154	Sep 12 18:30
kd_r78.provider.o.map	164988	Sep 12 18:30
kd_r79	171422720	Sep 12 18:49
kd_r79.link.log	0	Sep 12 18:49
kd_r79.map	4351779	Sep 12 18:49
kd_r79.primary.o.map	4351779	Sep 12 18:49
kd_r79.provider.core.o.map	15896	Sep 12 18:49
kd_r79.provider.host.o.map	22154	Sep 12 18:49
kd_r79.provider.o.map	164988	Sep 12 18:49
kd_r80	171422720	Sep 12 19:09
kd_r80.link.log	0	Sep 12 19:09
kd_r80.map	4351779	Sep 12 19:09
kd_r80.primary.o.map	4351779	Sep 12 19:08
kd_r80.provider.core.o.map	15896	Sep 12 19:08
kd_r80.provider.host.o.map	22154	Sep 12 19:08
kd_r80.provider.o.map	164988	Sep 12 19:08
kd_r81	171439136	Sep 12 19:30
kd_r81.link.log	0	Sep 12 19:30
kd_r81.map	4351780	Sep 12 19:30
kd_r81.primary.o.map	4351780	Sep 12 19:30
kd_r81.provider.core.o.map	15896	Sep 12 19:30
kd_r81.provider.host.o.map	22154	Sep 12 19:30
kd_r81.provider.o.map	164988	Sep 12 19:30
kd_r82	171439136	Sep 12 19:51
kd_r82.link.log	0	Sep 12 19:51
kd_r82.map	4351780	Sep 12 19:51
kd_r82.primary.o.map	4351780	Sep 12 19:51
kd_r82.provider.core.o.map	15896	Sep 12 19:51
kd_r82.provider.host.o.map	22154	Sep 12 19:51
kd_r82.provider.o.map	164988	Sep 12 19:51
kd_r83	171439136	Sep 12 20:12
kd_r83.link.log	0	Sep 12 20:12
kd_r83.map	4351780	Sep 12 20:12
kd_r83.primary.o.map	4351780	Sep 12 20:12
kd_r83.provider.core.o.map	15896	Sep 12 20:12
kd_r83.provider.host.o.map	22154	Sep 12 20:12
kd_r83.provider.o.map	164988	Sep 12 20:12
kd_r84	171455552	Sep 12 20:34
kd_r84.link.log	0	Sep 12 20:34
kd_r84.map	4351781	Sep 12 20:34
kd_r84.primary.o.map	4351781	Sep 12 20:34
kd_r84.provider.core.o.map	15896	Sep 12 20:34
kd_r84.provider.host.o.map	22154	Sep 12 20:34
kd_r84.provider.o.map	164988	Sep 12 20:34
kd_r85	171439136	Sep 12 20:55
kd_r85.link.log	0	Sep 12 20:55
kd_r85.map	4351780	Sep 12 20:55
kd_r85.primary.o.map	4351780	Sep 12 20:55
kd_r85.provider.core.o.map	15896	Sep 12 20:55
kd_r85.provider.host.o.map	22154	Sep 12 20:55
kd_r85.provider.o.map	164988	Sep 12 20:55
kd_r86	171455552	Sep 12 21:22
kd_r86.link.log	0	Sep 12 21:22
kd_r86.map	4351780	Sep 12 21:22
kd_r86.primary.o.map	4351780	Sep 12 21:21
kd_r86.provider.core.o.map	15896	Sep 12 21:21
kd_r86.provider.host.o.map	22154	Sep 12 21:21
kd_r86.provider.o.map	164988	Sep 12 21:21
kd_r87	171455552	Sep 12 21:52
kd_r87.link.log	0	Sep 12 21:52
kd_r87.map	4351780	Sep 12 21:52
kd_r87.primary.o.map	4351780	Sep 12 21:52
kd_r87.provider.core.o.map	15896	Sep 12 21:52
kd_r87.provider.host.o.map	22154	Sep 12 21:52
kd_r87.provider.o.map	164988	Sep 12 21:52
kd_r88	171439184	Sep 12 22:12
kd_r88.link.log	0	Sep 12 22:12
kd_r88.map	4352102	Sep 12 22:12
kd_r88.primary.o.map	4352102	Sep 12 22:12
kd_r88.provider.core.o.map	15896	Sep 12 22:12
kd_r88.provider.host.o.map	22154	Sep 12 22:12
kd_r88.provider.o.map	164988	Sep 12 22:12
kd_r89	171439184	Sep 12 23:00
kd_r89.link.log	0	Sep 12 23:00
kd_r89.map	4352105	Sep 12 23:00
kd_r89.primary.o.map	4352105	Sep 12 23:00
kd_r89.provider.core.o.map	15896	Sep 12 23:00
kd_r89.provider.host.o.map	22154	Sep 12 23:00
kd_r89.provider.o.map	164988	Sep 12 23:00
kd_r90	171439184	Sep 12 23:26
kd_r90.link.log	0	Sep 12 23:26
kd_r90.map	4352105	Sep 12 23:26
kd_r90.primary.o.map	4352105	Sep 12 23:26
kd_r90.provider.core.o.map	15896	Sep 12 23:26
kd_r90.provider.host.o.map	22154	Sep 12 23:26
kd_r90.provider.o.map	164988	Sep 12 23:26
kd_r91	171455600	Sep 12 23:41
kd_r91.link.log	0	Sep 12 23:41
kd_r91.map	4352105	Sep 12 23:41
kd_r91.primary.o.map	4352105	Sep 12 23:41
kd_r91.provider.core.o.map	15896	Sep 12 23:41
kd_r91.provider.host.o.map	22154	Sep 12 23:41
kd_r91.provider.o.map	164988	Sep 12 23:41
kd_r9a	170581600	Sep 11 19:28
kd_r9a.link.log	0	Sep 11 19:28
kd_r9a.map	4333960	Sep 11 19:28
kd_r9a.primary.o.map	4333960	Sep 11 19:28
kd_r9a.provider.core.o.map	15896	Sep 11 19:28
kd_r9a.provider.host.o.map	22154	Sep 11 19:28
kd_r9a.provider.o.map	164988	Sep 11 19:28
kd_r9b	170581600	Sep 11 19:40
kd_r9b.link.log	0	Sep 11 19:40
kd_r9b.map	4333961	Sep 11 19:40
kd_r9b.primary.o.map	4333961	Sep 11 19:40
kd_r9b.provider.core.o.map	15896	Sep 11 19:40
kd_r9b.provider.host.o.map	22154	Sep 11 19:40
kd_r9b.provider.o.map	164988	Sep 11 19:40
kd_r9c	170598064	Sep 11 20:19
kd_r9c.link.log	0	Sep 11 20:19
kd_r9c.map	4334254	Sep 11 20:19
kd_r9c.primary.o.map	4334254	Sep 11 20:19
kd_r9c.provider.core.o.map	15896	Sep 11 20:19
kd_r9c.provider.host.o.map	22154	Sep 11 20:19
kd_r9c.provider.o.map	164988	Sep 11 20:19
kd_r9d	170630944	Sep 11 20:42
kd_r9d.link.log	0	Sep 11 20:42
kd_r9d.map	4334628	Sep 11 20:42
kd_r9d.primary.o.map	4334628	Sep 11 20:42
kd_r9d.provider.core.o.map	15896	Sep 11 20:42
kd_r9d.provider.host.o.map	22154	Sep 11 20:42
kd_r9d.provider.o.map	164988	Sep 11 20:42
kd_r9f	170630992	Sep 11 20:52
kd_r9f.link.log	0	Sep 11 20:52
kd_r9f.map	4334962	Sep 11 20:52
kd_r9f.primary.o.map	4334962	Sep 11 20:52
kd_r9f.provider.core.o.map	15896	Sep 11 20:52
kd_r9f.provider.host.o.map	22154	Sep 11 20:52
kd_r9f.provider.o.map	164988	Sep 11 20:52
kd_r9g	170647392	Sep 11 21:28
kd_r9g.link.log	0	Sep 11 21:28
kd_r9g.map	4334962	Sep 11 21:28
kd_r9g.primary.o.map	4334962	Sep 11 21:28
kd_r9g.provider.core.o.map	15896	Sep 11 21:28
kd_r9g.provider.host.o.map	22154	Sep 11 21:28
kd_r9g.provider.o.map	164988	Sep 11 21:28
kd_r9h	170647392	Sep 11 21:45
kd_r9h.link.log	0	Sep 11 21:45
kd_r9h.map	4334962	Sep 11 21:45
kd_r9h.primary.o.map	4334962	Sep 11 21:45
kd_r9h.provider.core.o.map	15896	Sep 11 21:45
kd_r9h.provider.host.o.map	22154	Sep 11 21:45
kd_r9h.provider.o.map	164988	Sep 11 21:45
kd_r9i	170861216	Sep 11 21:51
kd_r9i.link.log	0	Sep 11 21:51
kd_r9i.map	4337636	Sep 11 21:51
kd_r9i.primary.o.map	4337636	Sep 11 21:51
kd_r9i.provider.core.o.map	15896	Sep 11 21:51
kd_r9i.provider.host.o.map	22154	Sep 11 21:51
kd_r9i.provider.o.map	164988	Sep 11 21:51
kd_r9j	170647392	Sep 11 22:06
kd_r9j.link.log	0	Sep 11 22:06
kd_r9j.map	4334963	Sep 11 22:06
kd_r9j.primary.o.map	4334963	Sep 11 22:05
kd_r9j.provider.core.o.map	15896	Sep 11 22:05
kd_r9j.provider.host.o.map	22154	Sep 11 22:05
kd_r9j.provider.o.map	164988	Sep 11 22:05
kd_r9k	170877680	Sep 11 22:13
kd_r9k.link.log	0	Sep 11 22:13
kd_r9k.map	4337970	Sep 11 22:13
kd_r9k.primary.o.map	4337970	Sep 11 22:13
kd_r9k.provider.core.o.map	15896	Sep 11 22:13
kd_r9k.provider.host.o.map	22154	Sep 11 22:13
kd_r9k.provider.o.map	164988	Sep 11 22:13
kd_r9m	170910560	Sep 11 22:34
kd_r9m.link.log	0	Sep 11 22:34
kd_r9m.map	4338334	Sep 11 22:34
kd_r9m.primary.o.map	4338334	Sep 11 22:34
kd_r9m.provider.core.o.map	15896	Sep 11 22:34
kd_r9m.provider.host.o.map	22154	Sep 11 22:34
kd_r9m.provider.o.map	164988	Sep 11 22:34
kd_r9n	170943488	Sep 11 22:51
kd_r9n.link.log	0	Sep 11 22:51
kd_r9n.map	4339062	Sep 11 22:51
kd_r9n.primary.o.map	4339062	Sep 11 22:51
kd_r9n.provider.core.o.map	15896	Sep 11 22:51
kd_r9n.provider.host.o.map	22154	Sep 11 22:51
kd_r9n.provider.o.map	164988	Sep 11 22:51
kd_r9o	170943488	Sep 11 23:08
kd_r9o.link.log	0	Sep 11 23:08
kd_r9o.map	4339062	Sep 11 23:08
kd_r9o.primary.o.map	4339062	Sep 11 23:08
kd_r9o.provider.core.o.map	15896	Sep 11 23:08
kd_r9o.provider.host.o.map	22154	Sep 11 23:08
kd_r9o.provider.o.map	164988	Sep 11 23:08
kd_r9q	170943488	Sep 11 23:34
kd_r9q.link.log	0	Sep 11 23:34
kd_r9q.map	4339062	Sep 11 23:34
kd_r9q.primary.o.map	4339062	Sep 11 23:34
kd_r9q.provider.core.o.map	15896	Sep 11 23:34
kd_r9q.provider.host.o.map	22154	Sep 11 23:34
kd_r9q.provider.o.map	164988	Sep 11 23:34
kd_r9r	170976688	Sep 11 23:42
kd_r9r.link.log	0	Sep 11 23:42
kd_r9r.map	4341056	Sep 11 23:42
kd_r9r.primary.o.map	4341056	Sep 11 23:41
kd_r9r.provider.core.o.map	15896	Sep 11 23:42
kd_r9r.provider.host.o.map	22154	Sep 11 23:42
kd_r9r.provider.o.map	164988	Sep 11 23:42
kd_r9t	170976688	Sep 12 00:12
kd_r9t.link.log	0	Sep 12 00:12
kd_r9t.map	4341056	Sep 12 00:12
kd_r9t.primary.o.map	4341056	Sep 12 00:11
kd_r9t.provider.core.o.map	15896	Sep 12 00:11
kd_r9t.provider.host.o.map	22154	Sep 12 00:11
kd_r9t.provider.o.map	164988	Sep 12 00:11
kd_r9u	170976672	Sep 12 00:30
kd_r9u.link.log	0	Sep 12 00:30
kd_r9u.map	4341056	Sep 12 00:30
kd_r9u.primary.o.map	4341056	Sep 12 00:30
kd_r9u.provider.core.o.map	15896	Sep 12 00:30
kd_r9u.provider.host.o.map	22154	Sep 12 00:30
kd_r9u.provider.o.map	164988	Sep 12 00:30
kd_r9v	170976672	Sep 12 00:46
kd_r9v.link.log	0	Sep 12 00:46
kd_r9v.map	4341056	Sep 12 00:46
kd_r9v.primary.o.map	4341056	Sep 12 00:46
kd_r9v.provider.core.o.map	15896	Sep 12 00:46
kd_r9v.provider.host.o.map	22154	Sep 12 00:46
kd_r9v.provider.o.map	164988	Sep 12 00:46
kd_r9w	170993104	Sep 12 01:04
kd_r9w.link.log	0	Sep 12 01:04
kd_r9w.map	4341056	Sep 12 01:04
kd_r9w.primary.o.map	4341056	Sep 12 01:04
kd_r9w.provider.core.o.map	15896	Sep 12 01:04
kd_r9w.provider.host.o.map	22154	Sep 12 01:04
kd_r9w.provider.o.map	164988	Sep 12 01:04
kd_r9y	170993088	Sep 12 01:30
kd_r9y.link.log	0	Sep 12 01:30
kd_r9y.map	4341056	Sep 12 01:30
kd_r9y.primary.o.map	4341056	Sep 12 01:30
kd_r9y.provider.core.o.map	15896	Sep 12 01:30
kd_r9y.provider.host.o.map	22154	Sep 12 01:30
kd_r9y.provider.o.map	164988	Sep 12 01:30
kd_r9z	171091648	Sep 12 01:51
kd_r9z.link.log	0	Sep 12 01:51
kd_r9z.map	4341059	Sep 12 01:51
kd_r9z.primary.o.map	4341059	Sep 12 01:51
kd_r9z.provider.core.o.map	15896	Sep 12 01:51
kd_r9z.provider.host.o.map	22154	Sep 12 01:51
kd_r9z.provider.o.map	164988	Sep 12 01:51
