line	name	category	family	core_decl	core_hits	android_hits	note	decl_text
323	s_stream_ctx	ADAPTER	MEDIA_DECODE_PIPELINE	0	0	0		static ChengStreamCtx* s_stream_ctx = NULL;
324	s_stream_starting	ADAPTER	MEDIA_DECODE_PIPELINE	0	0	0		static volatile int s_stream_starting = 0;
347	s_fetch_route	ADAPTER	MEDIA_DECODE_PIPELINE	0	0	0		static volatile int s_fetch_route = -1;
353	s_fetch_peer_host	ADAPTER	MEDIA_DECODE_PIPELINE	0	0	0		static char s_fetch_peer_host[64] = {0};
354	s_fetch_peer_port	ADAPTER	MEDIA_DECODE_PIPELINE	0	0	0		static volatile int s_fetch_peer_port = 0;
364	s_ff_t0_spawn_ns	ADAPTER	FIRST_FRAME_TIMING_DIAG	0	0	0		static volatile int64_t s_ff_t0_spawn_ns = 0;
365	s_ff_dial_start_ns	ADAPTER	FIRST_FRAME_TIMING_DIAG	0	0	0		static volatile int64_t s_ff_dial_start_ns = 0;
366	s_ff_dial_done_ns	ADAPTER	FIRST_FRAME_TIMING_DIAG	0	0	0		static volatile int64_t s_ff_dial_done_ns = 0;
367	s_ff_index_done_ns	ADAPTER	FIRST_FRAME_TIMING_DIAG	0	0	0		static volatile int64_t s_ff_index_done_ns = 0;
368	s_ff_first_sink_ns	ADAPTER	FIRST_FRAME_TIMING_DIAG	0	0	0		static volatile int64_t s_ff_first_sink_ns = 0;
369	s_ff_first_present_ns	ADAPTER	FIRST_FRAME_TIMING_DIAG	0	0	0		static volatile int64_t s_ff_first_present_ns = 0;
370	s_ff_reported	ADAPTER	FIRST_FRAME_TIMING_DIAG	0	0	0		static volatile int s_ff_reported = 0;
373	s_audio_player	ADAPTER	MEDIA_DECODE_PIPELINE	0	0	0		static OH_AVPlayer* s_audio_player = NULL;
374	s_audio_player_fd	ADAPTER	MEDIA_DECODE_PIPELINE	0	0	0		static int s_audio_player_fd = -1;
375	s_stream_ready	ADAPTER	MEDIA_DECODE_PIPELINE	0	0	0		static volatile int s_stream_ready = 0;
376	s_stream_tex	ADAPTER	MEDIA_DECODE_PIPELINE	0	0	0		static GLuint s_stream_tex = 0u;
377	s_stream_last_consume_ns	ADAPTER	MEDIA_DECODE_PIPELINE	0	0	0		static int64_t s_stream_last_consume_ns = 0;
381	s_stream_play_base_ns	ADAPTER	MEDIA_DECODE_PIPELINE	0	0	0		static int64_t s_stream_play_base_ns = 0;
382	s_stream_last_frame_idx	ADAPTER	MEDIA_DECODE_PIPELINE	0	0	0		static int64_t s_stream_last_frame_idx = -1;
386	s_stream_paused	ADAPTER	MEDIA_DECODE_PIPELINE	0	0	0		static volatile int s_stream_paused = 0;
387	s_stream_pause_started_ns	ADAPTER	MEDIA_DECODE_PIPELINE	0	0	0		static int64_t s_stream_pause_started_ns = 0;
395	s_surf_mode	ADAPTER	WINDOW_EGL_GL_CONTEXT	0	0	0		static volatile int s_surf_mode = 0;         // 1 once SetSurface succeeded (else CPU path)
396	s_surf_oes_tex	ADAPTER	WINDOW_EGL_GL_CONTEXT	0	0	0		static GLuint s_surf_oes_tex = 0u;
397	s_surf_nimg	ADAPTER	WINDOW_EGL_GL_CONTEXT	0	0	0		static OH_NativeImage* s_surf_nimg = NULL;
398	s_surf_window	ADAPTER	WINDOW_EGL_GL_CONTEXT	0	0	0		static OHNativeWindow* s_surf_window = NULL;  // created in prepare (render thread, EGL current)
399	s_surf_fbo	ADAPTER	WINDOW_EGL_GL_CONTEXT	0	0	0		static GLuint s_surf_fbo = 0u;
400	s_surf_prog	ADAPTER	WINDOW_EGL_GL_CONTEXT	0	0	0		static GLuint s_surf_prog = 0u;
401	s_surf_prog_tex	ADAPTER	WINDOW_EGL_GL_CONTEXT	0	0	0		static GLint s_surf_prog_tex = -1;
402	s_surf_prog_mtx	ADAPTER	WINDOW_EGL_GL_CONTEXT	0	0	0		static GLint s_surf_prog_mtx = -1;
403	s_surf_vao	ADAPTER	WINDOW_EGL_GL_CONTEXT	0	0	0		static GLuint s_surf_vao = 0u;
404	s_surf_have_frame	ADAPTER	WINDOW_EGL_GL_CONTEXT	0	0	0		static int s_surf_have_frame = 0;            // first UpdateSurfaceImage succeeded
405	s_surf_out_n	ADAPTER	WINDOW_EGL_GL_CONTEXT	0	0	0		static int s_surf_out_n = 0;                 // surface-frame present counter (fps meter)
409	s_fetch_thread_started	ADAPTER	MEDIA_DECODE_PIPELINE	0	0	0		static volatile int s_fetch_thread_started = 0;
410	s_fetch_thread	ADAPTER	MEDIA_DECODE_PIPELINE	0	0	0		static pthread_t s_fetch_thread;
417	s_stream_src_eof	ADAPTER	MEDIA_DECODE_PIPELINE	0	0	0		static volatile int s_stream_src_eof = 0;
418	s_stream_eos	ADAPTER	MEDIA_DECODE_PIPELINE	0	0	0		static volatile int s_stream_eos = 0;
419	s_stream_eos_logged	ADAPTER	MEDIA_DECODE_PIPELINE	0	0	0		static int s_stream_eos_logged = 0;   // one-shot: playback_eos hilog + audio Stop + eos oracle line
427	s_endur_ivl_ms	ADAPTER	ENDURANCE_DIAG_RING	0	0	0		static double s_endur_ivl_ms[CHENG_ENDUR_RING];
428	s_endur_ivl_head	ADAPTER	ENDURANCE_DIAG_RING	0	0	0		static int s_endur_ivl_head = 0;
429	s_endur_ivl_count	ADAPTER	ENDURANCE_DIAG_RING	0	0	0		static int s_endur_ivl_count = 0;
430	s_endur_present_last_ns	ADAPTER	ENDURANCE_DIAG_RING	0	0	0		static int64_t s_endur_present_last_ns = 0;
431	s_endur_stall_n	ADAPTER	ENDURANCE_DIAG_RING	0	0	0		static int s_endur_stall_n = 0;
432	s_endur_es_sink_n	ADAPTER	ENDURANCE_DIAG_RING	0	0	0		static int64_t s_endur_es_sink_n = 0;   // frames pushed into the input FIFO (local + network sinks)
433	s_endur_t0_ns	ADAPTER	ENDURANCE_DIAG_RING	0	0	0		static int64_t s_endur_t0_ns = 0;       // first present ts — anchor for rates + RSS slope
434	s_endur_rss0_kb	ADAPTER	ENDURANCE_DIAG_RING	0	0	0		static int64_t s_endur_rss0_kb = 0;     // RSS at t0 — leak-slope anchor
441	s_prewarm_peer_host	ADAPTER	ENDURANCE_DIAG_RING	0	0	0		static char s_prewarm_peer_host[64] = {0};
442	s_prewarm_peer_port	ADAPTER	ENDURANCE_DIAG_RING	0	0	0		static volatile int s_prewarm_peer_port = 0;
443	s_prewarm_started	ADAPTER	ENDURANCE_DIAG_RING	0	0	0		static volatile int s_prewarm_started = 0;         // one-shot spawn guard (whole session)
444	s_prewarm_thread_started	ADAPTER	ENDURANCE_DIAG_RING	0	0	0		static volatile int s_prewarm_thread_started = 0;  // set once spawned; cleared after the fetch join
445	s_prewarm_thread	ADAPTER	ENDURANCE_DIAG_RING	0	0	0		static pthread_t s_prewarm_thread;
475	s_app_handle	GEN	APP_CORE_EXPORT_FNPTR	1	1	122		static void* s_app_handle = NULL;
476	s_app_init	GEN	APP_CORE_EXPORT_FNPTR	1	1	5		static cheng_app_init_fn s_app_init = NULL;
477	s_app_set_window	GEN	APP_CORE_EXPORT_FNPTR	1	1	5		static cheng_app_set_window_fn s_app_set_window = NULL;
478	s_app_tick	GEN	APP_CORE_EXPORT_FNPTR	1	1	4		static cheng_app_tick_fn s_app_tick = NULL;
479	s_app_needs_frame	GEN	APP_CORE_EXPORT_FNPTR	1	1	7		static cheng_app_needs_frame_fn s_app_needs_frame = NULL;
480	s_app_on_touch_milli	GEN	APP_CORE_EXPORT_FNPTR	1	1	6		static cheng_app_on_touch_milli_fn s_app_on_touch_milli = NULL;
481	s_app_scroll_by	GEN	APP_CORE_EXPORT_FNPTR	1	1	6		static cheng_app_scroll_by_fn s_app_scroll_by = NULL;
487	s_app_ink_overlay_count	GEN	APP_CORE_EXPORT_FNPTR	1	9	10		static cheng_app_ink_overlay_count_fn s_app_ink_overlay_count = NULL;
488	s_app_ink_overlay_word	GEN	APP_CORE_EXPORT_FNPTR	1	7	8		static cheng_app_ink_overlay_word_fn s_app_ink_overlay_word = NULL;
489	s_ink_overlay_commands	GEN	REPLAY_INK_OVERLAY	1	5	5		static int32_t s_ink_overlay_commands[CHENG_ANDROID_INK_OVERLAY_CMD_CAP * CHENG_ANDROID_GPU_COMMAND_STRIDE_I32];
490	s_ink_overlay_command_count	GEN	REPLAY_INK_OVERLAY	1	15	16		static int s_ink_overlay_command_count = 0;
494	s_replay_routes	GEN	REPLAY_INK_OVERLAY	1	4	4		static int s_replay_routes[CHENG_ANDROID_REPLAY_LAYER_CAP];
495	s_replay_layers	GEN	REPLAY_INK_OVERLAY	1	4	4		static int s_replay_layers[CHENG_ANDROID_REPLAY_LAYER_CAP];
496	s_replay_offx	GEN	REPLAY_INK_OVERLAY	1	3	3		static int s_replay_offx[CHENG_ANDROID_REPLAY_LAYER_CAP];
497	s_replay_offy	GEN	REPLAY_INK_OVERLAY	1	3	3		static int s_replay_offy[CHENG_ANDROID_REPLAY_LAYER_CAP];
498	s_replay_count	GEN	REPLAY_INK_OVERLAY	1	10	10		static int s_replay_count = 0;
499	s_replay_recording	GEN	REPLAY_INK_OVERLAY	1	4	4		static int s_replay_recording = 0;
500	s_ink_overlay_bind_attempted_g	GEN	REPLAY_INK_OVERLAY	1	3	3		static int s_ink_overlay_bind_attempted_g = 0;
501	s_ink_field_texture	GEN	REPLAY_INK_OVERLAY	1	7	7		static GLuint s_ink_field_texture = 0u;
502	s_ink_field_w	GEN	REPLAY_INK_OVERLAY	1	6	6		static int s_ink_field_w = 0;
503	s_ink_field_h	GEN	REPLAY_INK_OVERLAY	1	6	6		static int s_ink_field_h = 0;
504	s_ink_field_active	GEN	REPLAY_INK_OVERLAY	1	3	4		static int s_ink_field_active = 0;
505	s_gl_inkfield_program	GEN	WINDOW_EGL_GL_CONTEXT	1	7	7		static GLuint s_gl_inkfield_program = 0u;
507	s_gl_inkfield_screen_loc	GEN	WINDOW_EGL_GL_CONTEXT	1	3	3		static GLint s_gl_inkfield_screen_loc = -1;
508	s_gl_inkfield_texture_loc	GEN	WINDOW_EGL_GL_CONTEXT	1	3	3		static GLint s_gl_inkfield_texture_loc = -1;
509	s_gl_inkfield_fade_loc	GEN	WINDOW_EGL_GL_CONTEXT	1	3	3		static GLint s_gl_inkfield_fade_loc = -1;
510	s_ink_field_fade_permille	GEN	REPLAY_INK_OVERLAY	1	3	4		static int s_ink_field_fade_permille = 1000;
523	s_replay_valid	GEN	REPLAY_INK_OVERLAY	1	5	5		static int s_replay_valid = 0;
524	s_replay_width	GEN	REPLAY_INK_OVERLAY	1	3	3		static int s_replay_width = 0;
525	s_replay_height	GEN	REPLAY_INK_OVERLAY	1	3	3		static int s_replay_height = 0;
529	s_video_active	ADAPTER	MEDIA_DECODE_PIPELINE	0	0	0		static int s_video_active = 0;
530	s_app_scroll_get	GEN	APP_CORE_EXPORT_FNPTR	1	1	2		static cheng_app_scroll_get_fn s_app_scroll_get = NULL;
531	s_app_pause	GEN	APP_CORE_EXPORT_FNPTR	1	1	6		static cheng_app_pause_fn s_app_pause = NULL;
532	s_app_on_back	GEN	APP_CORE_EXPORT_FNPTR	1	1	5		static cheng_app_on_back_fn s_app_on_back = NULL;
533	s_app_resume	GEN	APP_CORE_EXPORT_FNPTR	1	1	4		static cheng_app_resume_fn s_app_resume = NULL;
534	s_app_text_input_utf8	GEN	APP_CORE_EXPORT_FNPTR	1	1	5		static cheng_app_text_input_utf8_fn s_app_text_input_utf8 = NULL;
535	s_app_media_control	GEN	APP_CORE_EXPORT_FNPTR	1	1	4		static cheng_app_media_control_fn s_app_media_control = NULL;
536	s_runtime_set_state	GEN	PRESENT_UPLOAD_STATE	1	1	4		static cheng_mobile_host_runtime_set_state_fn s_runtime_set_state = NULL;
537	s_app_debug_last_main_status	GEN	APP_CORE_EXPORT_FNPTR	1	1	12		static cheng_app_debug_i32_fn s_app_debug_last_main_status = NULL;
538	s_app_debug_build_step	GEN	APP_CORE_EXPORT_FNPTR	1	1	8		static cheng_app_debug_i32_fn s_app_debug_build_step = NULL;
539	s_app_debug_layout_fail_code	GEN	APP_CORE_EXPORT_FNPTR	1	1	4		static cheng_app_debug_i32_fn s_app_debug_layout_fail_code = NULL;
540	s_app_debug_layout_fail_route_index	GEN	APP_CORE_EXPORT_FNPTR	1	1	4		static cheng_app_debug_i32_fn s_app_debug_layout_fail_route_index = NULL;
541	s_app_debug_layout_fail_node_id	GEN	APP_CORE_EXPORT_FNPTR	1	1	4		static cheng_app_debug_i32_fn s_app_debug_layout_fail_node_id = NULL;
542	s_app_debug_layout_fail_ordinal	GEN	APP_CORE_EXPORT_FNPTR	1	1	4		static cheng_app_debug_i32_fn s_app_debug_layout_fail_ordinal = NULL;
543	s_app_debug_css_fail_code	GEN	APP_CORE_EXPORT_FNPTR	1	1	6		static cheng_app_debug_i32_fn s_app_debug_css_fail_code = NULL;
544	s_app_debug_css_fail_route_index	GEN	APP_CORE_EXPORT_FNPTR	1	1	6		static cheng_app_debug_i32_fn s_app_debug_css_fail_route_index = NULL;
545	s_app_debug_css_fail_node_id	GEN	APP_CORE_EXPORT_FNPTR	1	1	6		static cheng_app_debug_i32_fn s_app_debug_css_fail_node_id = NULL;
546	s_app_debug_css_fail_rule_ordinal	GEN	APP_CORE_EXPORT_FNPTR	1	1	6		static cheng_app_debug_i32_fn s_app_debug_css_fail_rule_ordinal = NULL;
547	s_app_debug_css_fail_declaration_ordinal	GEN	APP_CORE_EXPORT_FNPTR	1	1	6		static cheng_app_debug_i32_fn s_app_debug_css_fail_declaration_ordinal = NULL;
548	s_app_debug_css_fail_property_code	GEN	APP_CORE_EXPORT_FNPTR	1	1	6		static cheng_app_debug_i32_fn s_app_debug_css_fail_property_code = NULL;
549	s_app_debug_svg_atlas_fail_code	GEN	APP_CORE_EXPORT_FNPTR	1	1	4		static cheng_app_debug_i32_fn s_app_debug_svg_atlas_fail_code = NULL;
550	s_app_debug_svg_atlas_fail_paint_index	GEN	APP_CORE_EXPORT_FNPTR	1	1	4		static cheng_app_debug_i32_fn s_app_debug_svg_atlas_fail_paint_index = NULL;
551	s_app_debug_svg_atlas_fail_route_index	GEN	APP_CORE_EXPORT_FNPTR	1	1	4		static cheng_app_debug_i32_fn s_app_debug_svg_atlas_fail_route_index = NULL;
552	s_app_debug_svg_atlas_fail_node_id	GEN	APP_CORE_EXPORT_FNPTR	1	1	4		static cheng_app_debug_i32_fn s_app_debug_svg_atlas_fail_node_id = NULL;
553	s_app_debug_svg_atlas_fail_ordinal	GEN	APP_CORE_EXPORT_FNPTR	1	1	4		static cheng_app_debug_i32_fn s_app_debug_svg_atlas_fail_ordinal = NULL;
554	s_app_debug_svg_atlas_fail_resource_hash	GEN	APP_CORE_EXPORT_FNPTR	1	1	4		static cheng_app_debug_i32_fn s_app_debug_svg_atlas_fail_resource_hash = NULL;
555	s_app_debug_glyph_atlas_fail_code	GEN	APP_CORE_EXPORT_FNPTR	1	1	6		static cheng_app_debug_i32_fn s_app_debug_glyph_atlas_fail_code = NULL;
556	s_app_debug_glyph_atlas_fail_route_index	GEN	APP_CORE_EXPORT_FNPTR	1	1	6		static cheng_app_debug_i32_fn s_app_debug_glyph_atlas_fail_route_index = NULL;
557	s_app_debug_glyph_atlas_fail_node_id	GEN	APP_CORE_EXPORT_FNPTR	1	1	6		static cheng_app_debug_i32_fn s_app_debug_glyph_atlas_fail_node_id = NULL;
558	s_app_debug_glyph_atlas_fail_ordinal	GEN	APP_CORE_EXPORT_FNPTR	1	1	6		static cheng_app_debug_i32_fn s_app_debug_glyph_atlas_fail_ordinal = NULL;
559	s_app_debug_glyph_atlas_fail_codepoint	GEN	APP_CORE_EXPORT_FNPTR	1	1	6		static cheng_app_debug_i32_fn s_app_debug_glyph_atlas_fail_codepoint = NULL;
560	s_app_debug_gpu_command_count	GEN	APP_CORE_EXPORT_FNPTR	1	1	4		static cheng_app_debug_i32_fn s_app_debug_gpu_command_count = NULL;
561	s_app_debug_media_surface_command_count	GEN	APP_CORE_EXPORT_FNPTR	1	1	4		static cheng_app_debug_i32_fn s_app_debug_media_surface_command_count = NULL;
562	s_app_debug_media_surface_batch_bytes	GEN	APP_CORE_EXPORT_FNPTR	1	1	4		static cheng_app_debug_i32_fn s_app_debug_media_surface_batch_bytes = NULL;
563	s_app_debug_media_surface_batch_stride	GEN	APP_CORE_EXPORT_FNPTR	1	1	4		static cheng_app_debug_i32_fn s_app_debug_media_surface_batch_stride = NULL;
564	s_app_debug_media_receipt_count	GEN	APP_CORE_EXPORT_FNPTR	1	1	8		static cheng_app_debug_i32_fn s_app_debug_media_receipt_count = NULL;
565	s_app_debug_media_receipt_action_code_at	GEN	APP_CORE_EXPORT_FNPTR	1	1	6		static cheng_app_debug_i32_at_fn s_app_debug_media_receipt_action_code_at = NULL;
566	s_app_debug_media_receipt_status_at	GEN	APP_CORE_EXPORT_FNPTR	1	1	6		static cheng_app_debug_i32_at_fn s_app_debug_media_receipt_status_at = NULL;
567	s_app_debug_media_receipt_state_at	GEN	APP_CORE_EXPORT_FNPTR	1	1	6		static cheng_app_debug_i32_at_fn s_app_debug_media_receipt_state_at = NULL;
568	s_app_debug_media_receipt_kind_at	GEN	APP_CORE_EXPORT_FNPTR	1	1	6		static cheng_app_debug_i32_at_fn s_app_debug_media_receipt_kind_at = NULL;
569	s_app_debug_media_receipt_audio_provider_hash_at	GEN	APP_CORE_EXPORT_FNPTR	1	1	6		static cheng_app_debug_i32_at_fn s_app_debug_media_receipt_audio_provider_hash_at = NULL;
570	s_app_debug_compositor_layer_count	GEN	APP_CORE_EXPORT_FNPTR	1	1	4		static cheng_app_debug_i32_fn s_app_debug_compositor_layer_count = NULL;
571	s_app_debug_refresh_css_fail_stage	GEN	APP_CORE_EXPORT_FNPTR	1	1	4		static cheng_app_debug_i32_fn s_app_debug_refresh_css_fail_stage = NULL;
572	s_app_debug_route_index	GEN	APP_CORE_EXPORT_FNPTR	1	1	14		static cheng_app_debug_i32_fn s_app_debug_route_index = NULL;
573	s_app_debug_touch_hit_index	GEN	APP_CORE_EXPORT_FNPTR	1	1	4		static cheng_app_debug_i32_fn s_app_debug_touch_hit_index = NULL;
574	s_app_debug_last_event_hit_node_id	GEN	APP_CORE_EXPORT_FNPTR	1	1	4		static cheng_app_debug_i32_fn s_app_debug_last_event_hit_node_id = NULL;
575	s_app_debug_last_event_hit_status	GEN	APP_CORE_EXPORT_FNPTR	1	1	4		static cheng_app_debug_i32_fn s_app_debug_last_event_hit_status = NULL;
576	s_app_debug_last_event_apply_status	GEN	APP_CORE_EXPORT_FNPTR	1	1	4		static cheng_app_debug_i32_fn s_app_debug_last_event_apply_status = NULL;
577	s_app_debug_state_publish_notice_open	GEN	APP_CORE_EXPORT_FNPTR	1	1	4		static cheng_app_debug_i32_fn s_app_debug_state_publish_notice_open = NULL;
578	s_app_debug_state_is_original	GEN	APP_CORE_EXPORT_FNPTR	1	1	4		static cheng_app_debug_i32_fn s_app_debug_state_is_original = NULL;
579	s_app_debug_state_is_paid	GEN	APP_CORE_EXPORT_FNPTR	1	1	4		static cheng_app_debug_i32_fn s_app_debug_state_is_paid = NULL;
580	s_app_debug_state_show_review_console	GEN	APP_CORE_EXPORT_FNPTR	1	1	4		static cheng_app_debug_i32_fn s_app_debug_state_show_review_console = NULL;
581	s_app_debug_focused_text_route_index	GEN	APP_CORE_EXPORT_FNPTR	1	1	4		static cheng_app_debug_i32_fn s_app_debug_focused_text_route_index = NULL;
582	s_app_debug_focused_text_node_id	GEN	APP_CORE_EXPORT_FNPTR	1	1	4		static cheng_app_debug_i32_fn s_app_debug_focused_text_node_id = NULL;
584	s_window_slots	GEN	WINDOW_EGL_GL_CONTEXT	1	1	11		static ChengAndroidWindowSlot s_window_slots[CHENG_ANDROID_WINDOW_SLOT_CAP];
585	s_next_window_id	GEN	PRESENT_UPLOAD_STATE	1	1	3		static uint64_t s_next_window_id = 1u;
586	s_active_window	GEN	PRESENT_UPLOAD_STATE	1	6	12		static ANativeWindow* s_active_window = NULL;
587	s_active_width	GEN	PRESENT_UPLOAD_STATE	1	3	9		static int s_active_width = 0;
588	s_active_height	GEN	PRESENT_UPLOAD_STATE	1	3	9		static int s_active_height = 0;
589	s_active_density	GEN	PRESENT_UPLOAD_STATE	1	1	5		static float s_active_density = 1.0f;
590	s_present_width	GEN	PRESENT_UPLOAD_STATE	1	4	9		static int s_present_width = 0;
591	s_present_height	GEN	PRESENT_UPLOAD_STATE	1	4	9		static int s_present_height = 0;
592	s_present_gpu_command_count	GEN	PRESENT_UPLOAD_STATE	1	5	6		static int s_present_gpu_command_count = 0;
593	s_present_gpu_fill_rect_count	GEN	PRESENT_UPLOAD_STATE	1	14	14		static int s_present_gpu_fill_rect_count = 0;
594	s_present_gpu_text_command_count	GEN	PRESENT_UPLOAD_STATE	1	6	6		static int s_present_gpu_text_command_count = 0;
595	s_present_gpu_image_command_count	GEN	PRESENT_UPLOAD_STATE	1	6	6		static int s_present_gpu_image_command_count = 0;
596	s_present_gpu_icon_command_count	GEN	PRESENT_UPLOAD_STATE	1	6	6		static int s_present_gpu_icon_command_count = 0;
597	s_present_media_surface_command_count	GEN	PRESENT_UPLOAD_STATE	1	3	4		static int s_present_media_surface_command_count = 0;
598	s_present_media_surface_video_count	GEN	PRESENT_UPLOAD_STATE	1	5	3		static int s_present_media_surface_video_count = 0;
599	s_present_media_surface_image_count	GEN	PRESENT_UPLOAD_STATE	1	5	3		static int s_present_media_surface_image_count = 0;
600	s_present_media_surface_audio_count	GEN	PRESENT_UPLOAD_STATE	1	5	3		static int s_present_media_surface_audio_count = 0;
601	s_present_media_surface_playing_count	GEN	PRESENT_UPLOAD_STATE	1	4	11		static int s_present_media_surface_playing_count = 0;
602	s_present_media_surface_status	GEN	PRESENT_UPLOAD_STATE	1	6	38		static int s_present_media_surface_status = CHENG_ANDROID_MEDIA_SURFACE_STATUS_NONE;
603	s_present_media_surface_missing_provider_count	GEN	PRESENT_UPLOAD_STATE	1	5	3		static int s_present_media_surface_missing_provider_count = 0;
604	s_media_surface_prepare_count	GEN	MEDIA_DECODE_PIPELINE	1	2	10		static int s_media_surface_prepare_count = 0;
605	s_media_surface_prepare_status	GEN	MEDIA_DECODE_PIPELINE	1	2	12		static int s_media_surface_prepare_status = CHENG_ANDROID_MEDIA_SURFACE_STATUS_NONE;
606	s_media_surface_prepare_kind	GEN	MEDIA_DECODE_PIPELINE	1	2	10		static int s_media_surface_prepare_kind = 0;
607	s_media_surface_prepare_surface_kind	GEN	MEDIA_DECODE_PIPELINE	1	2	10		static int s_media_surface_prepare_surface_kind = 0;
608	s_media_surface_prepare_texture_provider	GEN	MEDIA_DECODE_PIPELINE	1	1	10		static int s_media_surface_prepare_texture_provider = 0;
609	s_media_surface_prepare_slot_hash	GEN	MEDIA_DECODE_PIPELINE	1	1	9		static int s_media_surface_prepare_slot_hash = 0;
610	s_media_surface_prepare_asset_hash	GEN	MEDIA_DECODE_PIPELINE	1	1	9		static int s_media_surface_prepare_asset_hash = 0;
611	s_media_surface_prepare_manifest_hash	GEN	MEDIA_DECODE_PIPELINE	1	1	9		static int s_media_surface_prepare_manifest_hash = 0;
612	s_media_surface_prepare_poster_hash	GEN	MEDIA_DECODE_PIPELINE	1	1	9		static int s_media_surface_prepare_poster_hash = 0;
613	s_media_surface_prepare_gl_texture	GEN	MEDIA_DECODE_PIPELINE	1	2	12		static int s_media_surface_prepare_gl_texture = 0;
614	s_media_surface_prepare_width	GEN	MEDIA_DECODE_PIPELINE	1	1	8		static int s_media_surface_prepare_width = 0;
615	s_media_surface_prepare_height	GEN	MEDIA_DECODE_PIPELINE	1	1	8		static int s_media_surface_prepare_height = 0;
616	s_media_surface_prepare_pixel_format	GEN	MEDIA_DECODE_PIPELINE	1	2	12		static int s_media_surface_prepare_pixel_format = 0;
617	s_media_surface_prepare_texture_target	GEN	MEDIA_DECODE_PIPELINE	1	1	8		static int s_media_surface_prepare_texture_target = 0;
618	s_media_playback_frame_count	GEN	MEDIA_DECODE_PIPELINE	1	1	11		static int s_media_playback_frame_count = 0;
619	s_media_playback_update_count	GEN	MEDIA_DECODE_PIPELINE	1	1	11		static int s_media_playback_update_count = 0;
620	s_media_playback_last_state	GEN	MEDIA_DECODE_PIPELINE	1	2	9		static int s_media_playback_last_state = CHENG_ANDROID_MEDIA_PLAYBACK_CLOSED;
621	s_media_playback_last_presentation_us	GEN	MEDIA_DECODE_PIPELINE	1	1	12		static int64_t s_media_playback_last_presentation_us = -1;
622	s_media_playback_pump_count	GEN	MEDIA_DECODE_PIPELINE	1	1	5		static int s_media_playback_pump_count = 0;
623	s_media_playback_pause_guard_count	GEN	MEDIA_DECODE_PIPELINE	1	1	5		static int s_media_playback_pause_guard_count = 0;
624	s_media_playback_seek_count	GEN	MEDIA_DECODE_PIPELINE	1	1	4		static int s_media_playback_seek_count = 0;
625	s_audio_playback_receipt_count	GEN	MEDIA_DECODE_PIPELINE	1	1	3		static int s_audio_playback_receipt_count = 0;
626	s_audio_playback_status	GEN	MEDIA_DECODE_PIPELINE	1	1	3		static int s_audio_playback_status = 0;
627	s_audio_playback_state	GEN	MEDIA_DECODE_PIPELINE	1	1	3		static int s_audio_playback_state = 0;
628	s_audio_playback_sample_rate_hz	GEN	MEDIA_DECODE_PIPELINE	1	1	3		static int s_audio_playback_sample_rate_hz = 0;
629	s_audio_playback_channel_count	GEN	MEDIA_DECODE_PIPELINE	1	1	3		static int s_audio_playback_channel_count = 0;
630	s_audio_playback_bits_per_sample	GEN	MEDIA_DECODE_PIPELINE	1	1	3		static int s_audio_playback_bits_per_sample = 0;
631	s_audio_playback_pcm_data_offset	GEN	MEDIA_DECODE_PIPELINE	1	1	3		static int s_audio_playback_pcm_data_offset = 0;
632	s_audio_playback_pcm_bytes	GEN	MEDIA_DECODE_PIPELINE	1	1	3		static int s_audio_playback_pcm_bytes = 0;
633	s_audio_playback_provider_hash	GEN	MEDIA_DECODE_PIPELINE	1	1	3		static int s_audio_playback_provider_hash = 0;
634	s_audio_playback_slot_hash	GEN	MEDIA_DECODE_PIPELINE	1	1	3		static int s_audio_playback_slot_hash = 0;
635	s_audio_playback_asset_hash	GEN	MEDIA_DECODE_PIPELINE	1	1	3		static int s_audio_playback_asset_hash = 0;
636	s_audio_playback_data_hash	GEN	MEDIA_DECODE_PIPELINE	1	1	3		static int s_audio_playback_data_hash = 0;
637	s_present_compositor_layer_count	GEN	PRESENT_UPLOAD_STATE	1	4	5		static int s_present_compositor_layer_count = 0;
638	s_present_compositor_reuse_layer_count	GEN	PRESENT_UPLOAD_STATE	1	5	6		static int s_present_compositor_reuse_layer_count = 0;
639	s_present_compositor_replace_layer_count	GEN	PRESENT_UPLOAD_STATE	1	6	7		static int s_present_compositor_replace_layer_count = 0;
640	s_present_compositor_move_layer_count	GEN	PRESENT_UPLOAD_STATE	1	5	6		static int s_present_compositor_move_layer_count = 0;
641	s_present_compositor_drop_layer_count	GEN	PRESENT_UPLOAD_STATE	1	5	6		static int s_present_compositor_drop_layer_count = 0;
642	s_uploaded_glyph_sdf_atlas_entry_count	GEN	PRESENT_UPLOAD_STATE	1	6	6		static int s_uploaded_glyph_sdf_atlas_entry_count = 0;
643	s_uploaded_glyph_sdf_atlas_pixel_count	GEN	PRESENT_UPLOAD_STATE	1	3	3		static int s_uploaded_glyph_sdf_atlas_pixel_count = 0;
644	s_uploaded_image_atlas_entry_count	GEN	PRESENT_UPLOAD_STATE	1	5	5		static int s_uploaded_image_atlas_entry_count = 0;
645	s_uploaded_image_atlas_pixel_count	GEN	PRESENT_UPLOAD_STATE	1	4	4		static int s_uploaded_image_atlas_pixel_count = 0;
646	s_uploaded_svg_display_list_entry_count	GEN	PRESENT_UPLOAD_STATE	1	3	3		static int s_uploaded_svg_display_list_entry_count = 0;
647	s_uploaded_svg_primitive_count	GEN	PRESENT_UPLOAD_STATE	1	2	2		static int s_uploaded_svg_primitive_count = 0;
648	s_touch_width	GEN	INPUT_RING	1	1	6		static int s_touch_width = 0;
649	s_touch_height	GEN	INPUT_RING	1	1	6		static int s_touch_height = 0;
655	s_video_back_btn_x	ADAPTER	MEDIA_DECODE_PIPELINE	0	0	0		static int s_video_back_btn_x = 0;
656	s_video_back_btn_y	ADAPTER	MEDIA_DECODE_PIPELINE	0	0	0		static int s_video_back_btn_y = 0;
657	s_video_back_btn_w	ADAPTER	MEDIA_DECODE_PIPELINE	0	0	0		static int s_video_back_btn_w = 0;
658	s_video_back_btn_h	ADAPTER	MEDIA_DECODE_PIPELINE	0	0	0		static int s_video_back_btn_h = 0;
659	s_input_ring	GEN	INPUT_RING	1	1	7		static uint8_t s_input_ring[CHENG_ANDROID_INPUT_RING_CAPACITY];
660	s_input_write_idx	GEN	INPUT_RING	1	1	7		static uint32_t s_input_write_idx = 0u;
661	s_input_read_idx	GEN	INPUT_RING	1	1	8		static uint32_t s_input_read_idx = 0u;
662	s_touch_active	GEN	INPUT_RING	1	1	5		static int s_touch_active = 0;
663	s_touch_scrolling	GEN	INPUT_RING	1	1	9		static int s_touch_scrolling = 0;
664	s_touch_down_app_x_milli	GEN	INPUT_RING	1	1	2		static int s_touch_down_app_x_milli = 0;
665	s_touch_down_app_y_milli	GEN	INPUT_RING	1	1	3		static int s_touch_down_app_y_milli = 0;
666	s_touch_last_app_y_milli	GEN	INPUT_RING	1	1	4		static int s_touch_last_app_y_milli = 0;
667	s_touch_route_index	GEN	INPUT_RING	1	1	8		static int s_touch_route_index = -1;
668	s_fling_active	GEN	SCROLL_FLING	1	1	8		static int s_fling_active = 0;
669	s_fling_velocity_px_per_ms	GEN	SCROLL_FLING	1	1	11		static float s_fling_velocity_px_per_ms = 0.0f;
670	s_fling_route_index	GEN	SCROLL_FLING	1	1	5		static int s_fling_route_index = -1;
671	s_frame_scroll_px	GEN	SCROLL_FLING	1	1	4		static int s_frame_scroll_px = 0;
672	s_fling_last_applied	GEN	SCROLL_FLING	1	1	4		static int s_fling_last_applied = -1000000;
673	s_fling_log_count	GEN	SCROLL_FLING	1	1	3		static int s_fling_log_count = 0;
674	s_layer_caches	GEN	GL_ATLAS_LAYER_CACHE	1	14	14		static ChengAndroidLayerCache s_layer_caches[CHENG_ANDROID_LAYER_CACHE_CAP];
675	s_image_textures	GEN	GL_ATLAS_LAYER_CACHE	1	17	32		static ChengAndroidImageTextureCache s_image_textures[CHENG_ANDROID_IMAGE_ATLAS_CACHE_CAP];
676	s_media_textures	GEN	MEDIA_DECODE_PIPELINE	1	25	25		static ChengAndroidMediaTextureCache s_media_textures[CHENG_ANDROID_MEDIA_TEXTURE_CACHE_CAP];
677	s_media_surface_command_words	GEN	MEDIA_DECODE_PIPELINE	1	3	3		static int32_t s_media_surface_command_words[CHENG_ANDROID_MEDIA_SURFACE_COMMAND_CAP * CHENG_ANDROID_MEDIA_SURFACE_HOST_STRIDE_I32];
678	s_media_surface_command_word_count	GEN	MEDIA_DECODE_PIPELINE	1	7	4		static int s_media_surface_command_word_count = 0;
679	s_glyph_sdf_atlases	GEN	GL_ATLAS_LAYER_CACHE	1	12	12		static ChengAndroidGlyphSdfAtlasCache s_glyph_sdf_atlases[CHENG_ANDROID_GLYPH_SDF_ATLAS_CACHE_CAP];
680	s_glyph_sdf_glyphs	GEN	GL_ATLAS_LAYER_CACHE	1	6	6		static ChengAndroidGlyphSdfGlyphCache* s_glyph_sdf_glyphs = NULL;
681	s_glyph_sdf_glyph_count	GEN	GL_ATLAS_LAYER_CACHE	1	4	4		static int s_glyph_sdf_glyph_count = 0;
682	s_glyph_sdf_runs	GEN	GL_ATLAS_LAYER_CACHE	1	5	5		static ChengAndroidGlyphSdfRunCache* s_glyph_sdf_runs = NULL;
683	s_glyph_sdf_run_count	GEN	GL_ATLAS_LAYER_CACHE	1	6	6		static int s_glyph_sdf_run_count = 0;
684	s_glyph_sdf_run_glyphs	GEN	GL_ATLAS_LAYER_CACHE	1	5	5		static ChengAndroidGlyphSdfRunGlyphCache* s_glyph_sdf_run_glyphs = NULL;
685	s_glyph_sdf_run_glyph_count	GEN	GL_ATLAS_LAYER_CACHE	1	4	4		static int s_glyph_sdf_run_glyph_count = 0;
686	s_svg_display_lists	GEN	GL_ATLAS_LAYER_CACHE	1	6	6		static ChengAndroidSvgDisplayListCache* s_svg_display_lists = NULL;
687	s_svg_display_list_count	GEN	GL_ATLAS_LAYER_CACHE	1	3	3		static int s_svg_display_list_count = 0;
688	s_svg_primitives	GEN	PRESENT_UPLOAD_STATE	1	5	5		static ChengAndroidSvgPrimitiveCache* s_svg_primitives = NULL;
689	s_svg_primitive_count	GEN	PRESENT_UPLOAD_STATE	1	5	5		static int s_svg_primitive_count = 0;
690	s_pending_image_texture_deletes	GEN	WINDOW_EGL_GL_CONTEXT	1	4	5		static GLuint s_pending_image_texture_deletes[CHENG_ANDROID_IMAGE_ATLAS_CACHE_CAP];
691	s_pending_image_texture_delete_count	GEN	WINDOW_EGL_GL_CONTEXT	1	11	14		static int s_pending_image_texture_delete_count = 0;
692	s_egl_display	GEN	WINDOW_EGL_GL_CONTEXT	1	29	29		static EGLDisplay s_egl_display = EGL_NO_DISPLAY;
693	s_egl_context	GEN	WINDOW_EGL_GL_CONTEXT	1	10	10		static EGLContext s_egl_context = EGL_NO_CONTEXT;
694	s_egl_surface	GEN	WINDOW_EGL_GL_CONTEXT	1	15	15		static EGLSurface s_egl_surface = EGL_NO_SURFACE;
695	s_egl_config	GEN	WINDOW_EGL_GL_CONTEXT	1	8	8		static EGLConfig s_egl_config = NULL;
696	s_egl_window	GEN	WINDOW_EGL_GL_CONTEXT	1	4	5		static ANativeWindow* s_egl_window = NULL;
700	s_headless_capture	GEN	WINDOW_EGL_GL_CONTEXT	1	19	29		static int s_headless_capture = 0;
701	s_headless_capture_width	GEN	WINDOW_EGL_GL_CONTEXT	1	5	5		static int s_headless_capture_width = 0;
702	s_headless_capture_height	GEN	WINDOW_EGL_GL_CONTEXT	1	5	5		static int s_headless_capture_height = 0;
703	s_egl_pbuffer_surface	GEN	WINDOW_EGL_GL_CONTEXT	1	12	12		static EGLSurface s_egl_pbuffer_surface = EGL_NO_SURFACE;
704	s_gl_rect_program	GEN	WINDOW_EGL_GL_CONTEXT	1	11	11		static GLuint s_gl_rect_program = 0u;
705	s_gl_shadow_program	GEN	WINDOW_EGL_GL_CONTEXT	1	13	13		static GLuint s_gl_shadow_program = 0u;
706	s_gl_gradient_program	GEN	WINDOW_EGL_GL_CONTEXT	1	15	15		static GLuint s_gl_gradient_program = 0u;
707	s_gl_text_program	GEN	WINDOW_EGL_GL_CONTEXT	1	9	9		static GLuint s_gl_text_program = 0u;
708	s_gl_blit_program	GEN	WINDOW_EGL_GL_CONTEXT	1	7	7		static GLuint s_gl_blit_program = 0u;
709	s_gl_external_blit_program	GEN	WINDOW_EGL_GL_CONTEXT	1	9	9		static GLuint s_gl_external_blit_program = 0u;
710	s_gl_vbo	GEN	WINDOW_EGL_GL_CONTEXT	1	14	14		static GLuint s_gl_vbo = 0u;
711	s_gl_fbo	GEN	WINDOW_EGL_GL_CONTEXT	1	6	6		static GLuint s_gl_fbo = 0u;
712	s_gl_rect_screen_loc	GEN	WINDOW_EGL_GL_CONTEXT	1	6	6		static GLint s_gl_rect_screen_loc = -1;
713	s_gl_rect_color_loc	GEN	WINDOW_EGL_GL_CONTEXT	1	6	6		static GLint s_gl_rect_color_loc = -1;
714	s_gl_rect_rect_loc	GEN	WINDOW_EGL_GL_CONTEXT	1	6	6		static GLint s_gl_rect_rect_loc = -1;
715	s_gl_rect_radius_loc	GEN	WINDOW_EGL_GL_CONTEXT	1	6	6		static GLint s_gl_rect_radius_loc = -1;
716	s_gl_rect_stroke_width_loc	GEN	WINDOW_EGL_GL_CONTEXT	1	6	6		static GLint s_gl_rect_stroke_width_loc = -1;
717	s_gl_shadow_screen_loc	GEN	WINDOW_EGL_GL_CONTEXT	1	5	5		static GLint s_gl_shadow_screen_loc = -1;
718	s_gl_shadow_color_loc	GEN	WINDOW_EGL_GL_CONTEXT	1	5	5		static GLint s_gl_shadow_color_loc = -1;
719	s_gl_shadow_origin_rect_loc	GEN	WINDOW_EGL_GL_CONTEXT	1	5	5		static GLint s_gl_shadow_origin_rect_loc = -1;
720	s_gl_shadow_rect_loc	GEN	WINDOW_EGL_GL_CONTEXT	1	5	5		static GLint s_gl_shadow_rect_loc = -1;
721	s_gl_shadow_origin_radius_loc	GEN	WINDOW_EGL_GL_CONTEXT	1	5	5		static GLint s_gl_shadow_origin_radius_loc = -1;
722	s_gl_shadow_radius_loc	GEN	WINDOW_EGL_GL_CONTEXT	1	5	5		static GLint s_gl_shadow_radius_loc = -1;
723	s_gl_shadow_blur_loc	GEN	WINDOW_EGL_GL_CONTEXT	1	5	5		static GLint s_gl_shadow_blur_loc = -1;
724	s_gl_shadow_inset_loc	GEN	WINDOW_EGL_GL_CONTEXT	1	5	5		static GLint s_gl_shadow_inset_loc = -1;
725	s_gl_gradient_screen_loc	GEN	WINDOW_EGL_GL_CONTEXT	1	5	5		static GLint s_gl_gradient_screen_loc = -1;
726	s_gl_gradient_start_color_loc	GEN	WINDOW_EGL_GL_CONTEXT	1	5	5		static GLint s_gl_gradient_start_color_loc = -1;
727	s_gl_gradient_end_color_loc	GEN	WINDOW_EGL_GL_CONTEXT	1	5	5		static GLint s_gl_gradient_end_color_loc = -1;
728	s_gl_gradient_rect_loc	GEN	WINDOW_EGL_GL_CONTEXT	1	5	5		static GLint s_gl_gradient_rect_loc = -1;
729	s_gl_gradient_radius_loc	GEN	WINDOW_EGL_GL_CONTEXT	1	5	5		static GLint s_gl_gradient_radius_loc = -1;
730	s_gl_gradient_start_loc	GEN	WINDOW_EGL_GL_CONTEXT	1	5	5		static GLint s_gl_gradient_start_loc = -1;
731	s_gl_gradient_end_loc	GEN	WINDOW_EGL_GL_CONTEXT	1	5	5		static GLint s_gl_gradient_end_loc = -1;
732	s_gl_gradient_kind_loc	GEN	WINDOW_EGL_GL_CONTEXT	1	5	5		static GLint s_gl_gradient_kind_loc = -1;
733	s_gl_gradient_center_loc	GEN	WINDOW_EGL_GL_CONTEXT	1	5	5		static GLint s_gl_gradient_center_loc = -1;
734	s_gl_gradient_outer_radius_loc	GEN	WINDOW_EGL_GL_CONTEXT	1	5	5		static GLint s_gl_gradient_outer_radius_loc = -1;
735	s_gl_text_screen_loc	GEN	WINDOW_EGL_GL_CONTEXT	1	5	5		static GLint s_gl_text_screen_loc = -1;
736	s_gl_text_color_loc	GEN	WINDOW_EGL_GL_CONTEXT	1	5	5		static GLint s_gl_text_color_loc = -1;
737	s_gl_text_px_range_loc	GEN	WINDOW_EGL_GL_CONTEXT	1	5	5		static GLint s_gl_text_px_range_loc = -1;
738	s_gl_text_atlas_loc	GEN	WINDOW_EGL_GL_CONTEXT	1	5	5		static GLint s_gl_text_atlas_loc = -1;
739	s_gl_blit_screen_loc	GEN	WINDOW_EGL_GL_CONTEXT	1	5	5		static GLint s_gl_blit_screen_loc = -1;
740	s_gl_blit_texture_loc	GEN	WINDOW_EGL_GL_CONTEXT	1	5	5		static GLint s_gl_blit_texture_loc = -1;
741	s_gl_external_blit_screen_loc	GEN	WINDOW_EGL_GL_CONTEXT	1	6	6		static GLint s_gl_external_blit_screen_loc = -1;
742	s_gl_external_blit_texture_loc	GEN	WINDOW_EGL_GL_CONTEXT	1	6	6		static GLint s_gl_external_blit_texture_loc = -1;
743	s_gl_external_blit_tex_transform_loc	GEN	WINDOW_EGL_GL_CONTEXT	1	6	6		static GLint s_gl_external_blit_tex_transform_loc = -1;
744	s_present_compositor_gl_frame_count	GEN	PRESENT_UPLOAD_STATE	1	4	11		static int s_present_compositor_gl_frame_count = 0;
745	s_present_gpu_gl_frame_count	GEN	PRESENT_UPLOAD_STATE	1	3	4		static int s_present_gpu_gl_frame_count = 0;
746	s_tick_debug_log_count	GEN	PRESENT_DIAG_LOCAL	1	1	4		static int s_tick_debug_log_count = 0;
747	s_gpu_present_debug_log_count	GEN	PRESENT_DIAG_LOCAL	1	3	3		static int s_gpu_present_debug_log_count = 0;
748	s_compositor_present_debug_log_count	GEN	PRESENT_DIAG_LOCAL	1	3	3		static int s_compositor_present_debug_log_count = 0;
3959	s_stream_pts_seq	ADAPTER	MEDIA_DECODE_PIPELINE	0	0	0		static int64_t s_stream_pts_seq = 0;
3960	s_stream_prefetch_total	ADAPTER	MEDIA_DECODE_PIPELINE	0	0	0		static int s_stream_prefetch_total = 0;
4341	s_img_ndk_tried	ADAPTER	MEDIA_DECODE_PIPELINE	0	0	0		static int s_img_ndk_tried = 0, s_img_ndk_ok = 0;
4341	s_img_ndk_ok	ADAPTER	MEDIA_DECODE_PIPELINE	0	0	0		static int s_img_ndk_tried = 0, s_img_ndk_ok = 0;
6517	s_ink_field_data	GEN	REPLAY_INK_OVERLAY	1	4	4		static const void* s_ink_field_data = NULL;
6518	s_ink_field_dirty	GEN	REPLAY_INK_OVERLAY	1	4	4		static int s_ink_field_dirty = 0;
6711	s_gui_app_init	ADAPTER	DRIVER_RESOURCE_MANAGER	0	0	0		static cheng_app_init_fn        s_gui_app_init = NULL;
6712	s_gui_app_set_window	ADAPTER	DRIVER_RESOURCE_MANAGER	0	0	0		static cheng_app_set_window_fn  s_gui_app_set_window = NULL;
6713	s_gui_app_tick	ADAPTER	DRIVER_RESOURCE_MANAGER	0	0	0		static cheng_app_tick_fn        s_gui_app_tick = NULL;
6714	s_gui_app_needs_frame	ADAPTER	DRIVER_RESOURCE_MANAGER	0	0	0		static cheng_app_needs_frame_fn s_gui_app_needs_frame = NULL;
6715	s_gui_app_on_touch	ADAPTER	DRIVER_RESOURCE_MANAGER	0	0	0		static cheng_app_on_touch_milli_fn s_gui_app_on_touch = NULL;
6716	s_gui_app_pause	ADAPTER	DRIVER_RESOURCE_MANAGER	0	0	0		static cheng_app_pause_fn       s_gui_app_pause = NULL;
6717	s_gui_app_resume	ADAPTER	DRIVER_RESOURCE_MANAGER	0	0	0		static cheng_app_resume_fn      s_gui_app_resume = NULL;
6719	s_gui_app_id	ADAPTER	DRIVER_RESOURCE_MANAGER	0	0	0		static uint64_t s_gui_app_id = 0u;
6720	s_gui_phys_width	ADAPTER	DRIVER_RESOURCE_MANAGER	0	0	0		static int      s_gui_phys_width = 0;
6721	s_gui_phys_height	ADAPTER	DRIVER_RESOURCE_MANAGER	0	0	0		static int      s_gui_phys_height = 0;
6722	s_gui_density	ADAPTER	DRIVER_RESOURCE_MANAGER	0	0	0		static float    s_gui_density = 0.0f;
6724	s_gui_resource_manager	ADAPTER	DRIVER_RESOURCE_MANAGER	0	0	0		static void* s_gui_resource_manager = NULL;
6725	s_gui_runtime_payloads_applied	ADAPTER	DRIVER_RESOURCE_MANAGER	0	0	0		static int   s_gui_runtime_payloads_applied = 0;
6726	s_gui_launch_args_applied	ADAPTER	DRIVER_RESOURCE_MANAGER	0	0	0		static int   s_gui_launch_args_applied = 0;
6727	s_gui_exports_resolved	ADAPTER	DRIVER_RESOURCE_MANAGER	0	0	0		static int   s_gui_exports_resolved = 0;
6982	s_cheng_host_fullscreen_active	ADAPTER	CHT_COMMAND_BRIDGE	0	0	4		static int s_cheng_host_fullscreen_active = 0;
6983	s_cheng_host_video_muted_preview	ADAPTER	CHT_COMMAND_BRIDGE	0	0	2		static int s_cheng_host_video_muted_preview = 0;
6984	s_cheng_host_video_muted_hires	ADAPTER	CHT_COMMAND_BRIDGE	0	0	2		static int s_cheng_host_video_muted_hires = 0;
7152	s_feed_node_contents	ADAPTER	CHT_COMMAND_BRIDGE	0	0	0		static cheng_feed_node_contents_fn s_feed_node_contents = NULL;
7153	s_feed_handle	ADAPTER	CHT_COMMAND_BRIDGE	0	0	0		static int64_t s_feed_handle = 0;
7154	s_feed_mu	ADAPTER	CHT_COMMAND_BRIDGE	0	0	0		static pthread_mutex_t s_feed_mu = PTHREAD_MUTEX_INITIALIZER;
7155	s_feed_result_buf	ADAPTER	CHT_COMMAND_BRIDGE	0	0	0		static char s_feed_result_buf[65536];
7284	s_publish_started	ADAPTER	CHT_COMMAND_BRIDGE	0	0	0		static volatile int s_publish_started = 0;
7285	s_publish_thread	ADAPTER	CHT_COMMAND_BRIDGE	0	0	0		static pthread_t s_publish_thread;
7287	s_publish_serve	ADAPTER	CHT_COMMAND_BRIDGE	0	0	0		static cheng_publish_serve_file_fn s_publish_serve = NULL;
7288	s_publish_selected_path	ADAPTER	CHT_COMMAND_BRIDGE	0	0	0		static char s_publish_selected_path[PATH_MAX];
642	s_stream_runtime_set_state	ADAPTER	CHT_COMMAND_BRIDGE	0	0	0		static cheng_stream_runtime_set_state_fn s_stream_runtime_set_state = NULL;
1015	s_location_runtime_set_state	ADAPTER	CHT_COMMAND_BRIDGE	0	0	0		static cheng_location_runtime_set_state_fn s_location_runtime_set_state = NULL;
1366	s_publish_serve_bare	ADAPTER	CHT_COMMAND_BRIDGE	0	0	0		static cheng_publish_serve_bare_fn s_publish_serve_bare = NULL;
47	s_own_ip_text	GEN	SOURCE_PEER_OWN_IP	1	15	0		static char s_own_ip_text[CHENG_GUI_HOST_OWN_IP_MAX][INET_ADDRSTRLEN];
50	s_own_ip_count	GEN	SOURCE_PEER_OWN_IP	1	15	0		static int s_own_ip_count = -1; /* -1 = not yet resolved this process */
1290	s_feed_dl_handle	ADAPTER	CHT_COMMAND_BRIDGE	0	0	0		static void* s_feed_dl_handle = NULL;
1293	s_feed_nodes_snapshot_buf	ADAPTER	CHT_COMMAND_BRIDGE	0	0	0		static char s_feed_nodes_snapshot_buf[65536];
1298	s_feed_network_discovery_snapshot	ADAPTER	CHT_COMMAND_BRIDGE	0	0	0		static cheng_feed_network_discovery_snapshot_fn s_feed_network_discovery_snapshot = NULL;
1299	s_feed_network_discovery_snapshot_probed	ADAPTER	CHT_COMMAND_BRIDGE	0	0	0		static int s_feed_network_discovery_snapshot_probed = 0;
